no,name,state,type,customers,saidi_nomed,saifi_nomed,caidi_nomed,pv_mw,pv_storage_mw,virtual_mw,wind_mw,all_tech_mw,ee_savings_mw,peak_savings_mw,dem_res_customers,dem_res_savings_mwh
97.0,Adams Electric Coop,IL,Cooperative,8665.0,169.74,1.29,131.5814,0.145,0.0,0.0,0.014,0.159,0.0,0.0,4402.0,0.0
108.0,Adams-Columbia Electric Coop,WI,Cooperative,37405.0,139.9,0.95,147.26316,1.303,0.0,0.0,0.01,1.313,0.0,0.0,4781.0,13647.36
155.0,Agralite Electric Coop,MN,Cooperative,5367.0,128.759,1.181,109.0254,0.245,0.0,0.0,0.32,0.565,0.0,0.0,0.0,0.0
162.0,Aiken Electric Coop Inc,SC,Cooperative,47255.0,97.72,0.0,0.0,0.712,0.0,0.0,0.0,0.712,3.8,0.169,0.0,0.0
213.0,Alaska Electric Light&Power Co,AK,Investor Owned,16768.0,79.0,2.08,37.980769,0.0,0.0,0.0,0.0,0.0,0.0,0.0,2386.0,0.0
232.0,City of Albemarle - (NC),NC,Municipal,11821.0,44.05,0.53,83.113208,0.0,0.0,0.0,0.0,0.0,0.0,0.0,0.0,0.0
241.0,Albertville Municipal Utilities Board,AL,Municipal,10054.0,21.624,0.418,51.732057,0.0,0.0,0.0,0.0,0.0,0.0,0.0,0.0,0.0
305.0,Alger-Delta Coop Electric Assn,MI,Cooperative,10119.0,55.852,0.117,477.36752,0.224,0.0,0.0,0.111,0.338,0.0,0.0,0.0,0.0
329.0,"Allamakee-Clayton El Coop, Inc",IA,Cooperative,8940.0,141.6,0.965,146.73575,1.815,0.0,0.0,0.007,1.822,1124.0,0.144,2768.0,0.0
407.0,Altamaha Electric Member Corp,GA,Cooperative,20710.0,95.1,0.47,202.34043,0.034,0.0,0.0,0.0,0.034,0.0,0.0,256.0,14.0
554.0,City of Ames - (IA),IA,Municipal,26948.0,15.79,0.19,83.105263,1.031,0.0,0.0,0.0,1.031,4218.0,1.733,10683.0,0.0
562.0,Amicalola Electric Member Corp,GA,Cooperative,49344.0,449.79,2.38,188.98739,0.386,0.0,0.0,0.0,0.386,0.0,0.0,0.0,0.0
590.0,City of Anaheim - (CA),CA,Municipal,120978.0,42.12,0.57,73.894737,32.962,0.0,0.0,0.0,32.962,26739.841,5.884,14.0,0.0
599.0,Anchorage Municipal Light and Power,AK,Municipal,31079.0,18.38,0.132,139.24242,0.964,0.0,0.0,0.002,0.966,0.0,0.0,0.0,0.0
636.0,City of Anderson - (IN),IN,Municipal,35742.0,108.932,0.873,124.77892,0.028,0.0,0.0,0.0,0.028,0.0,0.0,0.0,0.0
689.0,Connexus Energy,MN,Cooperative,134507.2,29.264,0.349,83.851003,1.619,0.0,0.246,0.069,2.094,0.0,0.0,0.0,0.0
694.0,Anza Electric Coop Inc,CA,Cooperative,6192.0,387.642,4.173,92.892883,1.71,0.0,0.0,0.0,1.71,0.0,0.0,0.0,0.0
727.0,Appalachian Electric Coop,TN,Cooperative,47252.0,280.133,3.23,86.728483,0.0,0.0,0.0,0.0,0.0,0.0,0.0,0.0,0.0
733.0,Appalachian Power Co,VA,Investor Owned,533574.0,382.9,1.705,224.57478,10.253,0.416,0.908,0.104,12.405,20564.17,3.5,1.0,0.0
733.0,Appalachian Power Co,WV,Investor Owned,420064.0,650.8,2.883,225.73708,10.253,0.416,0.908,0.104,12.405,20564.17,3.5,1.0,0.0
803.0,Arizona Public Service Co,AZ,Investor Owned,1261999.0,86.8,0.843,102.9656,1105.375,0.0,0.0,0.187,1105.562,143225.0,79.6,693725.0,977215.0
814.0,Entergy Arkansas LLC,AR,Investor Owned,725576.0,308.8,1.72,179.53488,8.051,0.0,0.0,0.015,8.066,248663.0,48.3,23369.0,0.0
817.0,Arkansas Valley Elec Coop Corp,AR,Cooperative,55643.0,181.53,1.5,121.02,1.201,0.0,0.0,0.007,1.208,0.0,0.0,0.0,0.0
817.0,Arkansas Valley Elec Coop Corp,OK,Cooperative,3612.0,56.7,0.49,115.71429,1.201,0.0,0.0,0.007,1.208,0.0,0.0,0.0,0.0
925.0,"Ashley Chicot Elec Coop, Inc",AR,Cooperative,5127.0,198.6,0.0,0.0,0.0,0.0,0.0,0.0,0.0,0.0,0.0,0.0,0.0
963.0,Atlantic City Electric Co,NJ,Investor Owned,556532.0,76.0,0.89,85.393258,426.088,0.0,0.0,0.247,426.335,13574.0,3.379,43558.0,612.0
1009.0,City of Austin - (MN),MN,Municipal,11746.0,31.885,0.231,138.0303,0.178,0.0,0.0,0.0,0.178,5596.206,0.941,6809.0,140.882
1015.0,Austin Energy,TX,Municipal,502963.0,68.68,0.87,78.942529,66.0,0.0,0.0,0.0,66.0,121336.32,46.53,68343.0,86.92
1062.0,BARC Electric Coop Inc,VA,Cooperative,12800.0,375.25,2.66,141.07143,0.657,0.0,0.0,0.002,0.659,0.0,0.0,2232.0,0.0
1149.0,Baldwin County El Member Corp,AL,Cooperative,77765.0,75.868,1.048,72.39313,0.0,0.0,0.0,0.0,0.0,0.0,0.0,0.0,0.0
1167.0,Baltimore Gas & Electric Co,MD,Investor Owned,1294802.0,81.781,0.84,97.358333,357.586,0.0,0.0,0.064,357.65,459516.583,98.64,758207.0,2871.225
1170.0,Bamberg Board of Public Works,SC,Municipal,1758.0,1.394,0.026,53.615385,0.0,0.0,0.0,0.0,0.0,0.0,0.0,0.0,0.0
1175.0,"Bandera Electric Coop, Inc",TX,Cooperative,36872.0,45.636,0.499,91.45491,3.65,0.3,0.0,0.01,3.66,0.0,0.0,0.0,0.0
1179.0,Versant Power,ME,Investor Owned,173791.0,302.0,1.956,154.39673,10.455,0.0,0.0,1.118,11.853,0.0,0.0,0.0,0.0
1251.0,Barron Electric Coop,WI,Cooperative,18863.0,144.72,1.07,135.25234,0.514,0.0,0.13,0.008,0.652,1144.0,0.083,6371.0,0.0
1273.0,"Bartlett Electric Coop, Inc",TX,Cooperative,12169.0,97.6,0.55,177.45455,1.631,0.0,0.0,0.02,1.651,14.994,0.005,0.0,0.0
1283.0,Bartholomew County Rural E M C,IN,Cooperative,11680.0,75.59,0.74,102.14865,0.121,0.0,0.0,0.002,0.123,0.0,0.0,0.0,0.0
1366.0,City of Bay City - (MI),MI,Municipal,20243.0,99.986,0.822,121.63747,0.0,0.0,0.0,0.0,0.0,2698.0,0.349,0.0,0.0
1456.0,Town of Bedford - (VA),VA,Municipal,6694.0,121.24,0.0,0.0,0.0,0.0,0.0,0.0,0.0,0.0,0.0,0.0,0.0
1523.0,Town of Belmont - (MA),MA,Municipal,11739.0,127.16,0.73,174.19178,2.027,0.02,0.0,0.0,2.027,0.0,0.0,0.0,0.0
1529.0,"Beltrami Electric Coop, Inc",MN,Cooperative,20811.0,77.694,0.909,85.471947,0.525,0.0,0.0,0.013,0.538,3406.0,0.237,7608.0,1308.995
1579.0,PUD No 1 of Benton County,WA,Political Subdivision,54817.0,27.5,0.21,130.95238,4.097,0.0,0.0,0.007,4.104,8640.0,1.416,0.0,0.0
1613.0,Berkeley Electric Coop Inc,SC,Cooperative,103788.0,160.4,1.48,108.37838,4.499,0.0,0.0,0.0,4.499,592.8,0.82,18746.0,0.0
1615.0,Town of Berlin - (MD),MD,Municipal,2417.0,128.04,2.09,61.263158,0.395,0.0,0.0,0.0,0.395,0.0,0.0,0.0,0.0
1708.0,Big Sandy Rural Elec Coop Corp,KY,Cooperative,12596.0,452.27,3.66,123.57104,0.0,0.0,0.0,0.0,0.0,0.0,0.0,0.0,0.0
1769.0,"Black Hills Electric Coop, Inc",SD,Cooperative,10265.0,68.68,0.45,152.62222,0.187,0.0,0.0,0.002,0.189,0.0,0.0,505.0,4.9
1775.0,Black River Electric Coop - (MO),MO,Cooperative,24382.0,375.47,0.0,0.0,0.01,0.0,0.0,0.027,0.037,0.0,0.0,0.0,0.0
1871.0,City of Blooming Prairie - (MN),MN,Municipal,1090.0,137.77,1.02,135.06863,0.0,0.0,0.0,0.0,0.0,0.0,0.0,0.0,0.0
1886.0,Blue Grass Energy Coop Corp,KY,Cooperative,57854.0,130.193,1.139,114.30465,0.885,0.0,0.051,0.013,0.949,0.0,0.0,0.0,0.0
1889.0,Blue Ridge Elec Member Corp - (NC),NC,Cooperative,75761.0,71.38,0.97,73.587629,1.062,0.0,0.0,0.0,1.062,99.2,1.0,20605.0,1.91
1890.0,Blue Ridge Electric Coop Inc - (SC),SC,Cooperative,66733.0,133.72,0.0,0.0,3.668,0.0,0.0,0.0,3.668,0.0,0.0,0.0,0.0
1892.0,"Bluebonnet Electric Coop, Inc",TX,Cooperative,100409.0,102.569,1.119,91.661305,4.141,0.0,0.0,0.083,4.224,0.0,0.0,0.0,0.0
1936.0,Bolivar Energy Authority,TN,Municipal,11082.0,51.37,0.5,102.74,0.0,0.0,0.0,0.0,0.0,0.0,0.0,0.0,0.0
2001.0,Boone Electric Coop,MO,Cooperative,32867.0,52.25,0.66,79.166667,0.757,0.0,0.0,0.002,0.759,0.0,0.0,0.0,0.0
2054.0,City of Bowling Green - (OH),OH,Municipal,14746.0,3.176,0.039,81.435897,0.0,0.0,0.0,0.0,0.0,0.0,0.0,0.0,0.0
2056.0,City of Bowling Green - (KY),KY,Municipal,30891.0,52.707,0.974,54.113963,0.0,0.0,0.0,0.0,0.0,0.0,0.0,0.0,0.0
2089.0,Bozrah Light & Power Company,CT,Municipal,2767.0,176.11,1.69,104.2071,0.0,0.0,0.0,0.0,0.0,141.0,0.02,0.0,0.0
2144.0,Town of Braintree - (MA),MA,Municipal,16500.0,11.55,0.19,60.789474,0.96,0.0,0.0,0.0,0.965,0.0,0.0,0.0,0.0
2247.0,City of Bristol - (TN),TN,Municipal,33727.0,56.976,0.94,60.612766,0.0,0.0,0.0,0.0,0.0,0.0,0.0,0.0,0.0
2248.0,Bristol Virginia Utilities,VA,Municipal,16053.0,15.895,0.486,32.705761,0.0,0.0,0.0,0.0,0.0,0.0,0.0,0.0,0.0
2409.0,Brownsville Public Utilities Board,TX,Municipal,52520.0,14.262,0.128,111.42188,0.747,0.0,0.0,0.1,0.847,0.0,0.0,0.0,0.0
2439.0,City of Bryan - (OH),OH,Municipal,5795.0,39.8,0.64,62.1875,0.0,0.0,0.0,0.0,0.0,0.0,0.0,0.0,0.0
2502.0,"Buckeye Rural Elec Coop, Inc",OH,Cooperative,18571.0,494.49,2.18,226.83028,0.0,0.0,0.0,0.0,0.0,0.0,0.0,0.0,0.0
2641.0,"Butler Rural El Coop Assn, Inc - (KS)",KS,Cooperative,7575.0,102.0,1.49,68.456376,0.882,0.0,0.0,0.065,0.947,0.0,0.0,7575.0,0.0
2651.0,Butler Rural Electric Coop Inc - (OH),OH,Cooperative,11440.0,110.38,1.33,82.992481,0.516,0.0,0.0,0.005,0.521,0.0,0.0,0.0,0.0
2812.0,City of Calhoun - (GA),GA,Municipal,5475.0,33.288,0.795,41.871698,0.037,0.0,0.0,0.0,0.037,0.0,0.0,0.0,0.0
2911.0,"Canadian Valley Elec Coop, Inc",OK,Cooperative,25713.0,174.2,1.194,145.89615,0.0,0.0,0.0,0.0,0.0,0.0,0.0,0.0,0.0
2982.0,Cape Hatteras Elec Member Corp,NC,Cooperative,7814.0,249.99,3.47,72.043228,0.103,0.0,0.0,0.0,0.103,0.0,0.0,0.0,0.0
2998.0,"Carbon Power & Light, Inc",WY,Cooperative,6481.0,291.6,1.98,147.27273,0.186,0.0,0.0,0.048,0.234,0.0,0.0,0.0,0.0
3046.0,Duke Energy Progress - (NC),NC,Investor Owned,1408476.0,149.0,1.29,115.50388,55.246,0.0,0.0,0.012,55.258,442347.23,110.233,12093.0,0.0
3046.0,Duke Energy Progress - (NC),SC,Investor Owned,168545.0,147.0,1.39,105.7554,55.246,0.0,0.0,0.012,55.258,442347.23,110.233,12093.0,0.0
3081.0,Carroll Electric Member Corp - (GA),GA,Cooperative,51759.0,114.08,1.35,84.503704,0.515,0.0,0.0,0.0,0.515,0.0,0.0,0.0,0.0
3093.0,Carroll Electric Coop Corp - (AR),AR,Cooperative,90543.0,93.98,1.23,76.406504,3.6,0.0,0.0,0.019,3.619,0.0,0.0,0.0,0.0
3093.0,Carroll Electric Coop Corp - (AR),MO,Cooperative,10927.0,109.03,1.43,76.244755,3.6,0.0,0.0,0.019,3.619,0.0,0.0,0.0,0.0
3113.0,City of Carthage - (MO),MO,Municipal,7714.0,22.555,0.667,33.815592,0.237,0.0,0.0,0.002,0.239,0.0,0.0,0.0,0.0
3222.0,Central Alabama Electric Coop,AL,Cooperative,43000.0,152.8,0.0,0.0,0.072,0.0,0.0,0.0,0.072,0.0,0.0,3477.0,1.1
3226.0,"Central Rural Electric Cooperative, Inc",OK,Cooperative,21796.0,162.86,1.89,86.169312,0.315,0.0,0.0,0.019,0.334,0.0,0.0,0.0,0.0
3245.0,"Central Florida Elec Coop, Inc",FL,Cooperative,33942.0,182.75,0.0,0.0,0.699,0.0,0.0,0.0,1.699,69.0,0.007,0.0,0.0
3248.0,Central Georgia El Member Corp,GA,Cooperative,57224.0,79.06,1.041,75.946206,0.18,0.0,0.5,0.0,0.68,214.0,0.07,3478.0,288.0
3250.0,Central Electric Membership Corp. - (NC),NC,Cooperative,23098.0,189.487,0.0,0.0,0.0,0.0,0.0,0.0,0.0,0.0,0.0,0.0,0.0
3266.0,Central Maine Power Co,ME,Investor Owned,642816.0,189.8,1.53,124.05229,48.245,0.0,0.762,0.867,52.56,0.0,0.0,0.0,0.0
3268.0,Central Missouri Elec Coop Inc,MO,Cooperative,10908.0,137.036,0.0,0.0,0.556,0.0,0.0,0.002,0.558,0.0,0.0,0.0,0.0
3278.0,AEP Texas Central Company,TX,Investor Owned,855355.0,167.0,1.623,102.89587,0.0,0.0,0.0,0.0,0.0,58366.6,39.7,81.0,103.0
3282.0,"Central Texas Elec Coop, Inc",TX,Cooperative,42277.0,125.5,1.17,107.26496,2.202,0.0,0.0,0.044,2.246,0.0,0.0,0.0,0.0
3287.0,"Central Valley Elec Coop, Inc",NM,Cooperative,18215.0,335.691,2.082,161.23487,0.167,0.0,0.0,0.001,0.168,1068.138,0.713,0.0,0.0
3291.0,Central Virginia Electric Coop,VA,Cooperative,37035.0,251.0,2.42,103.71901,2.561,0.0,0.0,0.01,2.571,0.0,0.0,0.0,0.0
3295.0,City of Centralia - (WA),WA,Municipal,10418.0,187.995,1.212,155.11139,0.36,0.0,0.0,0.0,0.36,701.0,0.081,0.0,0.0
3314.0,"Chariton Valley Elec Coop, Inc",IA,Cooperative,6058.0,161.0,1.64,98.170732,0.0,0.0,0.0,0.0,0.0,0.0,0.0,0.0,0.0
3329.0,Borough of Chambersburg,PA,Municipal,11187.0,20.44,0.0,0.0,0.087,0.0,0.0,0.0,0.087,0.0,0.0,0.0,0.0
3408.0,City of Chattanooga - (TN),TN,Municipal,185137.0,76.21,0.62,122.91935,0.0,0.0,0.0,0.0,0.0,0.0,0.0,0.0,0.0
3420.0,City of Cheney - (WA),WA,Municipal,5798.0,56.384,0.309,182.47249,0.01,0.0,0.0,0.0,0.01,673.212,0.155,0.0,0.0
3436.0,Cherryland Electric Coop Inc,MI,Cooperative,36490.0,74.906,0.854,87.711944,0.735,0.0,0.0,0.043,0.778,0.0,0.0,0.0,0.0
3461.0,Cheyenne Light Fuel & Power d/b/a Black,WY,Investor Owned,43318.0,46.06,1.274,36.153846,1.794,0.0,0.0,0.31,2.104,4675.0,1.135,0.0,0.0
3478.0,Cimarron Electric Coop,OK,Cooperative,17976.0,58.0,0.588,98.639456,0.13,0.0,0.0,0.01,0.14,0.0,0.0,0.0,0.0
3486.0,Chillicothe Municipal Utils,MO,Municipal,4545.0,19.589,0.45,43.531111,0.01,0.0,0.0,0.0,0.01,0.0,0.0,0.0,0.0
3502.0,"Choctawhatche Elec Coop, Inc",FL,Cooperative,56208.0,67.127,0.875,76.716571,0.71,0.0,0.0,0.002,0.712,88.17,149.18,53437.0,0.0
3503.0,"Choptank Electric Cooperative, Inc",MD,Cooperative,53750.0,197.6,1.64,120.4878,15.671,0.005,9.913,0.36,25.944,4.1,0.0,204.0,0.0
3542.0,Duke Energy Ohio Inc,OH,Investor Owned,737368.0,96.0,0.87,110.34483,23.515,0.0,0.0,0.073,27.16,314256.568,54.73,2.0,0.0
3600.0,Citizens Electric Corporation - (MO),MO,Cooperative,27103.0,96.0,0.0,0.0,0.322,0.0,0.0,0.015,0.337,0.0,0.0,0.0,0.0
3634.0,City of Nixa - (MO),MO,Municipal,10779.0,63.479,0.721,88.042996,0.276,0.0,0.0,0.0,0.276,0.0,0.0,0.0,0.0
3647.0,City of Claremore,OK,Municipal,12329.0,62.791,1.077,58.301764,0.0,0.0,0.0,0.0,0.0,0.0,0.0,0.0,0.0
3660.0,PUD No 1 of Clark County - (WA),WA,Political Subdivision,210074.0,28.2,0.34,82.941176,8.932,0.384,0.301,0.068,9.317,64611.0,18.932,0.0,0.0
3687.0,Clark Energy Coop Inc - (KY),KY,Cooperative,26071.0,175.969,1.707,103.0867,0.16,0.0,0.0,0.0,0.16,0.0,0.0,0.0,0.0
3739.0,Clearwater Power Company,ID,Cooperative,11171.0,677.036,2.737,247.36427,0.256,0.0,0.0,0.013,0.269,607.763,0.166,0.0,0.0
3755.0,Cleveland Electric Illum Co,OH,Investor Owned,731209.0,130.468,1.019,128.03533,10.098,0.166,0.0,3.981,14.079,222414.765,33.839,4.0,0.0
3757.0,"Clay Electric Cooperative, Inc",FL,Cooperative,177019.0,158.92,2.1,75.67619,7.729,0.358,0.0,0.0,7.729,3520.0,0.173,7.0,0.0
3758.0,City of Cleveland - (TN),TN,Municipal,31843.0,50.506,1.059,47.692162,0.0,0.0,0.0,0.0,0.0,0.0,0.0,0.0,0.0
3762.0,City of Cleveland - (OH),OH,Municipal,72249.0,218.44,2.01,108.67662,0.2,0.0,0.0,0.0,0.2,0.0,0.0,0.0,0.0
3812.0,City of Clinton - (TN),TN,Municipal,29337.0,104.0,1.474,70.556309,0.0,0.0,0.0,0.0,0.0,0.0,0.0,0.0,0.0
3828.0,Cloverland Electric Co-op,MI,Cooperative,42501.0,324.8,2.28,142.45614,0.101,0.0,0.0,0.063,0.372,6455.3,0.76,0.0,0.0
3841.0,Coast Electric Power Assn,MS,Cooperative,83541.0,23.17,0.0,0.0,0.097,0.0,0.0,0.0,0.097,6354.7,1.1,0.0,0.0
3843.0,Coastal Electric Member Corp,GA,Cooperative,20048.0,123.3,1.92,64.21875,0.084,0.0,0.582,0.0,0.666,0.0,0.0,0.0,0.0
3844.0,"Coastal Electric Coop, Inc",SC,Cooperative,11849.0,152.6,1.63,93.619632,0.349,0.0,0.25,0.0,0.599,0.0,0.0,815.0,10.0
3855.0,Columbia Power System,TN,Municipal,30357.0,131.47,1.318,99.749621,0.0,0.0,0.0,0.0,0.0,0.0,0.0,0.0,0.0
3892.0,City of Coffeyville - (KS),KS,Municipal,5943.0,3.835,0.041,93.536585,0.0,0.0,0.0,0.0,0.0,0.0,0.0,0.0,0.0
3916.0,Cobb Electric Membership Corp,GA,Cooperative,208395.0,32.7,0.54,60.555556,0.932,0.0,0.0,0.0,0.932,0.0,0.0,0.0,0.0
3940.0,City of College Station - (TX),TX,Municipal,43485.0,16.8,0.281,59.786477,0.0,0.0,0.0,0.0,0.0,2080.0,1.09,0.0,0.0
3989.0,City of Colorado Springs - (CO),CO,Municipal,262378.0,40.926,0.743,55.0821,17.649,0.312,3.897,0.008,21.554,30268.845,2.785,1389.0,0.0
4008.0,Columbia Power Coop Assn Inc,OR,Cooperative,1926.0,101.0,0.0,0.0,0.036,0.0,0.0,0.0,0.036,0.0,0.0,0.0,0.0
4041.0,"Columbia Rural Elec Assn, Inc",WA,Cooperative,5697.0,170.583,1.418,120.29831,0.9,0.0,0.0,0.017,0.917,352.0,0.04,0.0,0.0
4045.0,City of Columbia - (MO),MO,Municipal,46222.0,44.87,0.808,55.532178,2.22,0.008,0.0,0.001,2.221,6595.0,2.38,9.0,0.0
4063.0,Co-Mo Electric Coop Inc,MO,Cooperative,31658.0,112.1,0.0,0.0,0.683,0.045,0.0,0.006,0.689,0.0,0.0,0.0,0.0
4065.0,City of Columbus - (OH),OH,Municipal,14513.0,218.08,2.27,96.070485,0.0,0.0,0.0,0.0,0.91,0.0,0.0,22.0,0.0
4068.0,City of Columbus - (MS),MS,Municipal,12580.0,32.324,0.657,49.199391,0.0,0.0,0.0,0.0,0.0,0.0,0.0,0.0,0.0
4110.0,Commonwealth Edison Co,IL,Investor Owned,4131059.0,51.332,0.63,81.479365,90.893,0.0,0.0,2.72,93.613,2097423.0,261.0,421465.0,911.0
4117.0,Community Electric Coop,VA,Cooperative,11264.0,218.693,1.811,120.75814,0.124,0.0,0.0,0.0,0.124,0.0,0.0,1603.0,24.202
4146.0,Concho Valley Elec Coop Inc,TX,Cooperative,14888.0,451.8,3.46,130.57803,0.355,0.0,0.0,0.011,0.366,0.0,0.0,0.0,0.0
4150.0,City of Concord - (NC),NC,Municipal,31957.0,33.64,0.52,64.692308,0.0,0.0,0.0,0.0,0.0,0.0,0.0,0.0,0.0
4176.0,Connecticut Light & Power Co,CT,Investor Owned,1275462.0,249.17,0.985,252.96447,385.218,0.0,36.501,0.111,454.142,363471.2,53.71,4484.0,0.0
4237.0,Consolidated Electric Coop,MO,Cooperative,8058.0,71.88,1.02,70.470588,0.119,0.0,0.0,0.032,0.151,0.0,0.0,0.0,0.0
4254.0,Consumers Energy Co,MI,Investor Owned,1828424.0,233.341,1.124,207.59875,32.195,0.0,0.0,0.666,33.051,524910.0,68.2,102634.0,299.7
4280.0,Conway Corporation,AR,Municipal,31256.0,22.43,0.339,66.165192,0.062,0.0,0.0,0.0,0.062,0.0,0.0,0.0,0.0
4296.0,"Cookson Hills Elec Coop, Inc",OK,Cooperative,17867.0,134.929,1.008,133.85813,0.157,0.0,0.0,0.0,0.157,0.0,0.0,0.0,0.0
4317.0,"Coos-Curry Electric Coop, Inc",OR,Cooperative,18198.0,122.68,1.01,121.46535,0.134,0.0,0.0,0.0,0.14,0.0,0.0,0.0,0.0
4327.0,Coosa Valley Electric Coop Inc,AL,Cooperative,16988.0,155.252,1.435,108.18955,0.0,0.0,0.0,0.0,0.0,0.0,0.0,0.0,0.0
4346.0,Cooperative L&P Assn Lake County,MN,Cooperative,6196.0,508.025,2.882,176.27516,0.222,0.0,0.0,0.046,0.268,0.0,0.0,0.0,0.0
4362.0,Corn Belt Energy Corporation,IL,Cooperative,36209.0,247.0,5.05,48.910891,1.89,0.0,0.0,0.015,4.505,0.0,0.0,59.0,0.0
4401.0,"Cotton Electric Coop, Inc",OK,Cooperative,21961.0,141.596,1.481,95.608373,0.179,0.0,0.0,0.049,0.228,0.0,0.0,0.0,0.0
4430.0,"Covington Electric Coop, Inc",AL,Cooperative,23246.0,72.835,1.059,68.777148,0.035,0.0,0.0,0.0,0.035,0.0,0.0,2427.0,0.0
4432.0,Coweta-Fayette El Member Corp,GA,Cooperative,84741.0,95.83,1.08,88.731481,0.264,0.0,0.0,0.0,0.264,1255.2,1.9,11696.0,134.64
4442.0,PUD No 1 of Cowlitz County,WA,Political Subdivision,50202.0,74.29,0.504,147.40079,0.0,0.0,0.0,0.0,0.0,46431.64,5.666,0.0,0.0
4471.0,Craig-Botetourt Electric Coop,VA,Cooperative,6746.0,610.42,3.16,193.17089,0.259,0.0,0.0,0.0,0.259,0.0,0.0,0.0,0.0
4471.0,Craig-Botetourt Electric Coop,WV,Cooperative,484.0,731.44,2.73,267.92674,0.259,0.0,0.0,0.0,0.259,0.0,0.0,0.0,0.0
4524.0,"Crawford Electric Coop, Inc",MO,Cooperative,19968.0,343.21,2.312,148.44723,0.219,0.0,0.0,0.0,0.219,0.0,0.0,0.0,0.0
4577.0,Crow Wing Cooperative Power & Light Comp,MN,Cooperative,43569.0,66.013,0.632,104.45095,0.707,0.0,0.081,0.106,0.894,0.0,0.0,0.0,0.0
4618.0,"Cullman Electric Coop, Inc",AL,Cooperative,44267.0,386.056,3.566,108.26024,0.0,0.0,0.0,0.0,0.0,0.0,0.0,0.0,0.0
4622.0,"Cumberland Valley Electric, Inc.",KY,Cooperative,23783.0,237.0,2.249,105.38017,0.252,0.0,0.0,0.0,0.252,0.0,0.0,0.0,0.0
4675.0,Cuivre River Electric Coop Inc,MO,Cooperative,65908.0,149.687,1.338,111.87369,0.304,0.0,0.0,0.0,0.304,0.0,0.0,450.0,0.0
4683.0,City of Cuyahoga Falls - (OH),OH,Municipal,25695.0,47.005,0.407,115.4914,0.036,0.0,0.0,0.0,0.036,1131.0,0.158,0.0,0.0
4717.0,Dakota Valley Elec Coop Inc,ND,Cooperative,6651.0,134.7,1.375,97.963636,0.0,0.0,0.0,0.0,0.0,0.0,0.0,0.0,0.0
4743.0,"Consumers Power, Inc",OR,Cooperative,22909.0,245.0,1.33,184.21053,1.998,0.0,0.0,0.01,2.016,0.0,0.0,0.0,0.0
4796.0,"Darke Rural Electric Coop, Inc",OH,Cooperative,5148.0,390.2,0.0,0.0,0.0,0.0,0.0,0.0,0.0,0.0,0.0,0.0,0.0
4848.0,Daviess Martin County R E M C,IN,Cooperative,8213.0,371.0,2.5,148.4,0.025,0.0,0.0,0.052,0.077,0.0,0.0,0.0,0.0
4922.0,Dayton Power & Light Co,OH,Investor Owned,591607.0,139.71,1.07,130.57009,9.887,0.0,0.0,4.767,15.229,254592.0,37.89,0.0,0.0
4939.0,"Deaf Smith Electric Coop, Inc",TX,Cooperative,14696.0,643.3,3.2,201.03125,0.003,0.0,0.0,0.172,0.175,0.0,0.0,0.0,0.0
4960.0,Decatur County Rural E M C,IN,Cooperative,8065.0,156.591,1.893,82.721078,0.589,0.0,0.0,0.002,0.591,0.0,0.0,0.0,0.0
4975.0,Deep East Texas Elec Coop Inc,TX,Cooperative,42918.0,558.58,0.0,0.0,0.278,0.0,0.0,0.0,0.278,0.0,0.0,0.0,0.0
5021.0,Delaware County Elec Coop Inc,NY,Cooperative,5404.0,812.9,0.0,0.0,0.1,0.0,0.0,0.013,0.113,8.8,0.002,563.0,0.0
5027.0,Delmarva Power,DE,Investor Owned,320798.0,72.0,0.74,97.297297,90.452,0.0,0.0,0.865,91.317,83413.0,11.0,236717.0,1213.0
5027.0,Delmarva Power,MD,Investor Owned,206524.0,78.0,0.87,89.655172,90.452,0.0,0.0,0.865,91.317,83413.0,11.0,236717.0,1213.0
5063.0,City of Denton - (TX),TX,Municipal,56806.0,38.41,0.51,75.313725,3.727,0.0,0.0,0.0,3.727,2029.93,0.51,0.0,0.0
5070.0,Delaware Electric Cooperative,DE,Cooperative,99826.0,83.08,1.283,64.754482,17.37,0.0,0.0,0.024,17.394,580.0,6.9,29397.0,1.4
5078.0,"Denton County Elec Coop, Inc",TX,Cooperative,247014.0,36.98,0.633,58.420221,8.54,0.0,0.0,0.08,8.62,0.0,0.0,11723.0,70.0
5109.0,DTE Electric Company,MI,Investor Owned,2210201.0,202.375,1.136,178.14701,29.512,0.0,0.0,0.303,29.962,718196.0,131.46,347133.0,872.0
5111.0,City of Detroit Lakes - (MN),MN,Municipal,8388.0,6.3,0.084,75.0,0.004,0.0,0.0,0.004,0.008,2520.2,0.554,1955.0,349.0
5148.0,City of Dickson,TN,Municipal,36519.0,143.347,3.138,45.681007,0.0,0.0,0.0,0.0,0.0,0.0,0.0,0.0,0.0
5202.0,Dixie Electric Membership Corp,LA,Cooperative,109996.0,206.72,3.12,66.25641,5.147,0.0,0.0,0.0,5.147,0.0,0.0,0.0,0.0
5204.0,Dixie Electric Coop,AL,Cooperative,23625.0,132.77,1.639,81.006711,0.0,0.0,0.0,0.0,0.0,13.5,0.0,0.0,0.0
5336.0,City of Dover - (OH),OH,Municipal,6831.0,8.828,0.056,157.64286,0.0,0.0,0.0,0.0,0.0,1461.0,0.051,5.0,1.549
5399.0,Duck River Elec Member Corp,TN,Cooperative,75843.0,132.83,1.73,76.780347,0.0,0.0,0.0,0.0,0.0,0.0,0.0,0.0,0.0
5416.0,"Duke Energy Carolinas, LLC",NC,Investor Owned,2043767.0,174.0,1.06,164.15094,79.123,0.0,0.0,0.001,79.142,944608.0,201.68,185593.0,0.0
5416.0,"Duke Energy Carolinas, LLC",SC,Investor Owned,582660.0,160.0,0.98,163.26531,79.123,0.0,0.0,0.001,79.142,944608.0,201.68,185593.0,0.0
5417.0,Dunn County Electric Coop,WI,Cooperative,10070.0,55.78,0.583,95.67753,0.611,0.0,0.0,0.015,0.626,1112.0,0.197,3551.0,0.0
5438.0,"Duncan Valley Elec Coop, Inc",AZ,Cooperative,2472.0,66.0,0.46,143.47826,0.289,0.0,0.0,0.0,0.289,0.0,0.0,0.0,0.0
5509.0,City of Dyersburg,TN,Municipal,11985.0,45.242,0.727,62.231087,0.0,0.0,0.0,0.0,0.0,0.0,0.0,0.0,0.0
5574.0,East Central Energy,MN,Cooperative,61501.0,68.3,0.978,69.836401,1.615,0.0,0.0,0.177,1.792,0.0,0.0,0.0,0.0
5578.0,East Mississippi Elec Pwr Assn,MS,Cooperative,12502.0,213.0,1.84,115.76087,0.0,0.0,0.0,0.0,0.0,0.0,0.0,0.0,0.0
5585.0,Eastern Illinois Elec Coop,IL,Cooperative,13454.0,132.3,1.35,98.0,0.878,0.0,0.0,0.01,0.888,566.0,0.04,0.0,0.0
5588.0,East-Central Iowa Rural Elec Coop,IA,Cooperative,8923.0,61.5,0.83,74.096386,0.194,0.0,0.0,0.062,0.256,0.0,0.0,0.0,0.0
5598.0,East Central Oklahoma Elec Coop Inc,OK,Cooperative,34233.0,297.6,2.01,148.0597,0.262,0.0,0.0,0.008,0.27,0.0,0.0,0.0,0.0
5605.0,Eastern Iowa Light & Power Coop,IA,Cooperative,23823.0,151.13,1.61,93.869565,2.5,0.0,0.0,0.057,5.114,0.0,0.0,0.0,0.0
5609.0,Eastern Maine Electric Coop,ME,Cooperative,12655.0,212.91,5.44,39.137868,0.18,0.0,0.0,0.052,0.232,0.0,0.0,0.0,0.0
5644.0,"Edisto Electric Coop, Inc",SC,Cooperative,20263.0,61.41,0.0,0.0,0.453,0.0,0.0,0.0,0.453,0.0,0.0,0.0,0.0
5656.0,Edgecombe-Martin County E M C,NC,Cooperative,11187.0,161.31,1.199,134.53711,0.0,0.0,0.0,0.0,0.0,0.0,0.0,0.0,0.0
5661.0,City of Edmond - (OK),OK,Municipal,41098.0,90.347,1.062,85.072505,0.0,0.0,0.0,0.0,0.0,0.0,0.0,0.0,0.0
5701.0,El Paso Electric Co,NM,Investor Owned,101100.0,70.059,0.79,88.682278,44.931,0.28,0.0,0.059,44.99,22812.0,6.1,353.0,17.0
5701.0,El Paso Electric Co,TX,Investor Owned,331654.0,76.386,0.972,78.58642,44.931,0.28,0.0,0.059,44.99,22812.0,6.1,353.0,17.0
5773.0,City of Elk River,MN,Municipal,12244.0,25.412,0.423,60.07565,0.115,0.0,0.0,0.03,0.145,0.0,0.0,0.0,0.0
5860.0,Empire District Electric Co,AR,Investor Owned,5239.0,28.15,0.422,66.706161,36.022,0.0,0.0,0.107,36.129,0.4,0.18,2.0,0.0
5860.0,Empire District Electric Co,KS,Investor Owned,11199.0,115.14,1.285,89.603113,36.022,0.0,0.0,0.107,36.129,0.4,0.18,2.0,0.0
5860.0,Empire District Electric Co,MO,Investor Owned,168460.0,138.16,1.193,115.80889,36.022,0.0,0.0,0.107,36.129,0.4,0.18,2.0,0.0
5860.0,Empire District Electric Co,OK,Investor Owned,6655.0,160.34,1.682,95.326992,36.022,0.0,0.0,0.107,36.129,0.4,0.18,2.0,0.0
5862.0,"Empire Electric Assn, Inc",CO,Cooperative,16151.0,35.4,0.0,0.0,2.098,0.0,0.0,0.0,2.123,999.89,0.26,0.0,0.0
5930.0,Village of Fairport - (NY),NY,Municipal,17623.0,21.703,0.34,63.832353,0.0,0.0,0.0,0.0,0.0,1990.39,25.35,0.0,0.0
5935.0,Borough of Ephrata - (PA),PA,Municipal,6679.0,31.599,0.994,31.789738,0.491,0.0,0.0,0.0,0.491,0.0,0.0,0.0,0.0
6022.0,City of Eugene - (OR),OR,Municipal,95344.0,69.37,0.47,147.59574,5.643,0.0,0.0,0.0,5.643,10957.8,2.2,0.0,0.0
6112.0,"Farmers Electric Coop, Inc - (IA)",IA,Cooperative,4921.0,90.35,1.63,55.429448,0.0,0.0,0.0,0.0,0.0,0.0,0.0,0.0,0.0
6168.0,Farmers Electric Coop - (IA),IA,Cooperative,650.0,51.313,0.767,66.900913,0.0,0.0,0.0,0.0,0.0,8.382,0.001,0.0,0.0
6169.0,Fall River Rural Elec Coop Inc,ID,Cooperative,15112.0,175.435,1.611,108.8982,0.64,0.0,0.0,0.027,0.667,0.0,0.0,0.0,0.0
6169.0,Fall River Rural Elec Coop Inc,MT,Cooperative,1999.0,130.805,0.723,180.91978,0.64,0.0,0.0,0.027,0.667,0.0,0.0,0.0,0.0
6169.0,Fall River Rural Elec Coop Inc,WY,Cooperative,357.0,188.32,1.826,103.13253,0.64,0.0,0.0,0.027,0.667,0.0,0.0,0.0,0.0
6182.0,"Farmers Electric Coop, Inc - (TX)",TX,Cooperative,61843.1,83.953,1.281,65.53708,5.526,0.0,0.0,0.172,5.698,0.0,0.0,962.0,20.815
6194.0,Farmers Rural Electric Coop Corp - (KY),KY,Cooperative,23957.0,138.28,1.48,93.432432,0.148,0.015,0.0,0.0,0.148,0.0,0.0,0.0,0.0
6204.0,City of Farmington - (NM),NM,Municipal,44877.0,110.705,0.956,115.80021,0.674,0.0,0.0,0.0,0.674,0.0,0.0,0.0,0.0
6234.0,City of Fayetteville,TN,Municipal,18730.0,130.79,1.8,72.661111,0.0,0.0,0.0,0.0,0.0,0.0,0.0,0.0,0.0
6235.0,Fayetteville Public Works Commission,NC,Municipal,84488.0,8.592,0.145,59.255172,0.0,0.0,0.0,0.0,0.0,0.0,0.0,0.0,0.0
6258.0,Federated Rural Electric Assn,MN,Cooperative,6839.0,134.0,1.49,89.932886,0.533,0.0,0.0,0.15,0.683,0.0,0.0,0.0,0.0
6272.0,"FEM Electric Assn, Inc",SD,Cooperative,2081.0,87.0,1.201,72.439634,0.0,0.0,0.0,0.0,0.0,0.0,0.0,0.0,0.0
6335.0,"Firelands Electric Coop, Inc",OH,Cooperative,9103.0,226.0,0.0,0.0,0.132,0.0,0.0,0.002,0.141,605.0,2.0,0.0,0.0
6342.0,First Electric Coop Corp,AR,Cooperative,94559.0,160.904,2.063,77.995153,2.117,0.0,0.0,0.01,2.127,0.0,0.0,6612.0,456.11
6374.0,Fitchburg Gas & Elec Light Co,MA,Investor Owned,30006.0,83.56,1.24,67.387097,14.179,0.0,10.189,0.0,24.37,6939.0,1.286,0.0,0.0
6395.0,Flathead Electric Coop Inc,MT,Cooperative,66531.0,136.74,1.45,94.303448,0.457,0.0,0.143,0.005,0.605,9306.0,0.0,3052.0,0.0
6424.0,Florence Utility Comm,WI,Municipal,1511.0,101.06,0.93,108.66667,0.003,0.0,0.0,0.0,0.003,0.0,0.0,0.0,0.0
6427.0,City of Floresville,TX,Municipal,16148.0,48.631,0.687,70.787482,1.303,0.0,0.0,0.0,1.303,0.0,0.0,0.0,0.0
6431.0,"Flint Hills Rural E C A, Inc",KS,Cooperative,6636.0,246.0,2.119,116.0925,0.171,0.0,0.0,0.027,0.198,0.0,0.0,545.0,0.0
6442.0,Fleming-Mason Energy Coop Inc,KY,Cooperative,24629.0,151.9,1.125,135.02222,0.166,0.0,0.0,0.004,0.17,0.0,0.0,0.0,0.0
6443.0,"Florida Keys El Coop Assn, Inc",FL,Cooperative,31792.0,29.841,0.679,43.948454,0.829,0.0,0.0,0.0,0.829,0.0,0.0,0.0,0.0
6452.0,Florida Power & Light Co,FL,Investor Owned,5086544.0,51.46,0.6,85.766667,149.881,0.0,0.0,0.057,155.887,51394.0,24.13,724424.0,7572.0
6455.0,"Duke Energy Florida, LLC",FL,Investor Owned,1871645.0,98.0,1.12,87.5,172.854,0.0,0.0,0.027,174.436,76044.0,53.0,426987.0,0.0
6491.0,Foley Board of Utilities,AL,Municipal,50265.0,52.506,1.092,48.082418,0.11,0.0,0.0,0.0,0.11,0.0,0.0,0.0,0.0
6608.0,Fort Loudoun Electric Coop,TN,Cooperative,32431.0,342.33,2.645,129.42533,0.0,0.0,0.0,0.0,0.0,0.0,0.0,0.0,0.0
6641.0,4-County Electric Power Assn,MS,Cooperative,47963.0,125.82,1.47,85.591837,0.0,0.0,0.0,0.0,0.0,0.0,0.0,0.0,0.0
6708.0,City of Frankfort - (KY),KY,Municipal,21552.0,11.135,0.223,49.932735,0.247,0.0,0.0,0.0,0.247,0.0,0.0,0.0,0.0
6709.0,Easley Combined Utility System,SC,Municipal,14957.0,39.6,0.72,55.0,0.274,0.0,0.0,0.0,0.274,0.0,0.0,612.0,0.0
6775.0,Village of Freeport - (NY),NY,Municipal,14613.0,10.698,0.14,76.414286,0.0,0.0,0.0,0.0,0.0,0.0,0.0,0.0,0.0
6779.0,City of Fremont - (NE),NE,Municipal,15202.0,13.687,0.151,90.642384,0.006,0.0,0.0,0.0,0.006,0.0,0.0,0.0,0.0
6782.0,Freeborn-Mower Coop Services,MN,Cooperative,20985.0,84.4,0.91,92.747253,1.691,0.0,0.0,0.315,2.006,8820.0,0.996,1658.0,0.0
6804.0,Frontier Power Company,OH,Cooperative,9076.0,141.8,1.83,77.486339,0.176,0.0,0.0,0.0,0.271,0.0,0.0,0.0,0.0
6839.0,City of Fulton - (MO),MO,Municipal,5648.0,34.252,0.373,91.828418,0.0,0.0,0.0,0.0,0.0,0.0,0.0,0.0,0.0
6909.0,Gainesville Regional Utilities,FL,Municipal,98043.0,56.92,0.852,66.807512,8.811,0.0,0.0,0.0,8.811,618.0,0.1,0.0,0.0
6957.0,"Garkane Energy Coop, Inc",UT,Cooperative,13992.0,597.3,0.0,0.0,1.158,0.0,0.0,0.011,1.409,0.0,0.0,0.0,0.0
7090.0,GreyStone Power Corporation,GA,Cooperative,133115.0,86.4,1.61,53.664596,0.294,0.024,0.0,0.0,0.294,0.0,0.0,60.0,204.39
7096.0,City of Geneva- (IL),IL,Municipal,10153.0,31.827,0.355,89.653521,0.117,0.0,0.0,0.0,0.117,0.0,0.0,0.0,0.0
7140.0,Georgia Power Co,GA,Investor Owned,2493389.0,141.75,1.27,111.61417,0.0,0.0,0.0,0.0,0.0,391092.489,63.918,41336.0,0.0
7174.0,Gibson Electric Members Corp,TN,Cooperative,38407.0,108.75,1.602,67.883895,0.0,0.0,0.0,0.0,0.0,0.0,0.0,0.0,0.0
7264.0,"Glades Electric Coop, Inc",FL,Cooperative,16540.0,311.174,3.195,97.394053,0.318,0.0,0.0,0.0,0.318,577.0,0.001,0.0,0.0
7353.0,Golden Valley Elec Assn Inc,AK,Cooperative,46804.0,227.49,2.62,86.828244,1.435,0.0,0.0,0.025,1.46,300.0,0.075,0.0,0.0
7450.0,Grady Electric Membership Corp,GA,Cooperative,19864.0,236.23,0.0,0.0,0.067,0.0,0.0,0.0,0.067,0.0,0.0,0.0,0.0
7456.0,Graham County Electric Coop Inc,AZ,Cooperative,7951.0,86.277,1.476,58.453252,3.167,0.0,0.0,0.034,3.201,59.547,0.027,0.0,0.0
7460.0,Goodhue County Coop Elec Assn,MN,Cooperative,5165.0,27.474,0.305,90.078689,0.676,0.0,0.0,0.02,0.696,0.0,0.0,0.0,0.0
7483.0,City of Grand Haven - (MI),MI,Municipal,14338.0,13.23,0.109,121.37615,0.109,0.03,0.0,0.012,0.121,3198.0,0.46,0.0,0.0
7548.0,PUD No 1 of Grays Harbor County,WA,Political Subdivision,42420.0,117.0,0.7,167.14286,0.59,0.0,0.0,0.008,0.598,6615.25,0.76,0.0,0.0
7558.0,Grayson Rural Electric Coop Corp,KY,Cooperative,14363.0,381.28,2.6,146.64615,0.022,0.0,0.0,0.0,0.022,0.0,0.0,0.0,0.0
7563.0,Grand Valley Power,CO,Cooperative,17812.0,74.772,0.0,0.0,2.66,0.0,0.0,0.003,2.668,19.25,0.002,0.0,0.0
7625.0,City of Greeneville - (TN),TN,Municipal,38195.0,92.01,1.525,60.334426,0.0,0.0,0.0,0.0,0.0,0.0,0.0,0.0,0.0
7634.0,City of Greenville - (TX),TX,Municipal,14356.7,8.331,0.116,71.818966,0.144,0.0,0.0,0.0,0.144,378.0,0.043,1.0,1212.62
7716.0,Groton Dept of Utilities - (CT),CT,Municipal,14292.0,70.21,0.79,88.873418,4.388,0.0,0.0,0.0,4.388,2646.0,0.42,0.0,0.0
7752.0,Guadalupe Valley Elec Coop Inc,TX,Cooperative,86227.0,89.12,0.92,96.869565,15.431,0.0,0.0,0.11,15.541,0.0,0.0,1381.0,43.7
7785.0,"Gulf Coast Electric Coop, Inc",FL,Cooperative,19814.0,574.822,4.44,129.46441,0.285,0.0,0.0,0.0,0.285,107.0,0.096,756.0,0.657
7801.0,Gulf Power Co,FL,Investor Owned,468283.0,72.47,0.89,81.426966,16.011,0.0,0.0,0.014,16.025,4418.977,1.177,0.0,0.0
7870.0,H-D Electric Coop Inc,SD,Cooperative,3643.0,60.1,1.02,58.921569,0.0,0.0,0.0,0.0,0.0,0.0,0.0,0.0,0.0
7887.0,Habersham Electric Membership Corp,GA,Cooperative,32408.0,179.8,1.645,109.30091,0.49,0.0,0.0,0.0,0.49,0.0,0.0,0.0,0.0
7891.0,Guernsey-Muskingum El Coop Inc,OH,Cooperative,16952.0,405.88,2.43,167.02881,0.507,0.0,0.0,0.01,0.517,0.0,0.0,0.0,0.0
7977.0,City of Hamilton - (OH),OH,Municipal,29131.0,86.08,1.25,68.864,0.0,0.0,0.0,0.0,0.0,0.0,0.0,4.0,12.1
7978.0,Halifax Electric Member Corp,NC,Cooperative,10595.0,206.73,1.655,124.91239,0.0,0.0,0.0,0.0,0.0,249.36,0.0,0.0,0.0
8034.0,Hancock-Wood Electric Coop Inc,OH,Cooperative,13135.0,72.21,0.924,78.149351,0.0,0.0,0.0,0.0,0.0,0.0,0.0,0.0,0.0
8055.0,City of Hannibal - (MO),MO,Municipal,8797.0,69.523,1.894,36.706969,0.01,0.0,0.0,0.064,0.074,0.0,0.0,0.0,0.0
8122.0,Harlan Municipal Utilities - (IA),IA,Municipal,2880.0,4.192,0.044,95.272727,0.015,0.0,0.0,0.0,0.015,262.72,0.07,0.0,0.0
8147.0,City of Harriman - (TN),TN,Municipal,10968.0,650.6,4.225,153.98817,0.0,0.0,0.0,0.0,0.0,0.0,0.0,0.0,0.0
8179.0,Harrison County Rural E M C,IN,Cooperative,23403.0,182.539,2.106,86.675689,0.14,0.0,0.0,0.0,0.14,0.0,0.0,1920.0,0.0
8192.0,"Harrison Rural Elec Assn, Inc",WV,Cooperative,6884.0,563.761,5.585,100.94199,0.063,0.0,0.0,0.0,0.063,0.0,0.0,0.0,0.0
8199.0,City of Harrisonville - (MO),MO,Municipal,4816.0,16.12,0.188,85.744681,0.105,0.0,0.0,0.0,0.105,0.0,0.0,0.0,0.0
8210.0,Hart Electric Member Corp,GA,Cooperative,36655.0,63.805,0.842,75.77791,0.392,0.0,0.0,0.0,0.392,0.0,0.0,36663.0,199.0
8245.0,City of Hastings - (NE),NE,Municipal,13550.0,4.582,0.045,101.82222,0.0,0.0,0.0,0.0,0.0,0.0,0.0,0.0,0.0
8287.0,Hawaii Electric Light Co Inc,HI,Investor Owned,86068.0,164.67,1.839,89.54323,87.346,6.003,0.0,0.231,87.626,0.0,0.0,0.0,0.0
8319.0,Heartland Power Coop,IA,Cooperative,5192.0,96.849,0.923,104.92849,0.043,0.0,0.852,0.092,0.987,2364.0,0.145,2855.0,0.0
8333.0,Haywood Electric Member Corp,NC,Cooperative,27432.0,599.765,4.918,121.95303,0.675,0.0,0.0,0.01,0.766,0.0,0.0,438.0,1.0
8366.0,Heber Light & Power Company,UT,Municipal,13012.0,37.211,0.748,49.747326,1.343,0.103,0.0,0.002,1.345,238.23,0.022,0.0,0.0
8447.0,Hendricks County Rural E M C,IN,Cooperative,33279.0,85.1,1.18,72.118644,0.214,0.0,0.0,0.003,0.217,0.0,0.0,0.0,0.0
8466.0,Henry County Rural E M C,IN,Cooperative,9497.0,149.508,2.285,65.430197,0.263,0.02,0.0,0.0,0.263,0.0,0.0,0.0,0.0
8493.0,City of Hermann,MO,Municipal,1555.0,2.2,0.02,110.0,0.0,0.0,0.0,0.0,0.0,0.0,0.0,0.0,0.0
8567.0,City of Higginsville - (MO),MO,Municipal,2797.0,30.205,1.109,27.236249,0.019,0.0,0.0,0.0,0.019,0.0,0.0,0.0,0.0
8571.0,Town of High Point,NC,Municipal,41865.0,129.566,1.316,98.454407,0.0,0.0,0.0,0.0,0.0,0.0,0.0,0.0,0.0
8620.0,"HILCO Electric Cooperative, Inc.",TX,Cooperative,29104.0,72.202,0.911,79.255763,1.343,0.0,0.0,0.036,1.379,152.51,0.0,0.0,0.0
8699.0,Inland Power & Light Company,WA,Cooperative,41603.0,187.0,1.236,151.2945,1.903,0.0,0.0,0.022,1.926,78.259,0.012,0.0,0.0
8723.0,City of Holland,MI,Municipal,28958.0,29.084,0.412,70.592233,0.849,0.0,0.0,0.001,0.887,19381.0,4.86,0.0,0.0
8761.0,Holmes-Wayne Electric Coop Inc,OH,Cooperative,17454.0,635.7,2.785,228.25853,0.593,0.0,0.0,0.005,0.598,0.0,0.0,0.0,0.0
8764.0,"Holston Electric Coop, Inc",TN,Cooperative,30528.0,165.218,2.329,70.939459,0.0,0.0,0.0,0.0,0.0,0.0,0.0,0.0,0.0
8773.0,"Holy Cross Electric Assn, Inc",CO,Cooperative,58601.0,72.5,0.78,92.948718,12.185,0.0,0.0,0.002,12.227,7695.49,2.55,18.0,41.098
8774.0,City of Holyoke - (MA),MA,Municipal,17689.0,50.863,1.305,38.975479,0.053,0.0,0.0,0.0,0.053,289.49,0.0,0.0,0.0
8786.0,Horry Electric Coop Inc,SC,Cooperative,79930.0,68.035,0.863,78.835458,2.98,0.0,0.0,0.0,2.98,0.0,0.191,5769.0,46.15
8795.0,City of Homestead - (FL),FL,Municipal,25407.0,87.975,1.161,75.775194,0.778,0.0,0.0,0.0,0.778,0.0,0.0,0.0,0.0
8824.0,M J M Electric Cooperative Inc,IL,Cooperative,9402.0,440.0,0.0,0.0,1.114,0.0,0.0,0.002,1.116,0.0,0.0,0.0,0.0
8840.0,City of Hope,AR,Municipal,6995.0,39.19,0.612,64.035948,0.048,0.0,0.0,0.0,0.048,0.0,0.0,0.0,0.0
8901.0,CenterPoint Energy,TX,Investor Owned,2564204.0,140.939,1.303,108.165,0.0,0.0,0.0,0.0,0.0,215856.435,195.184,18436.0,848.927
8972.0,City of Hudson - (OH),OH,Municipal,7000.0,41.739,0.567,73.613757,0.0,0.0,0.0,0.0,0.0,0.0,0.0,0.0,0.0
9094.0,City of Huntsville - (AL),AL,Municipal,186704.0,5.3,0.092,57.608696,0.0,0.0,0.0,0.0,0.0,0.0,0.0,0.0,0.0
9096.0,City of Lafayette - (LA),LA,Municipal,67005.0,39.7,0.66,60.151515,1.694,0.0,0.0,0.0,1.694,0.0,0.0,0.0,0.0
9128.0,Hurricane City Power,UT,Municipal,7161.0,7.617,0.078,97.653846,0.268,0.0,0.0,0.0,0.268,5.9,1.48,0.0,0.0
9187.0,City of Idaho Falls - (ID),ID,Municipal,28214.0,49.78,0.57,87.333333,0.331,0.0,0.0,0.003,0.334,3346.994,0.049,0.0,0.0
9191.0,Idaho Power Co,ID,Investor Owned,546775.0,120.0,1.15,104.34783,42.828,0.0,0.0,0.201,43.175,197159.0,22.5,25934.0,0.0
9191.0,Idaho Power Co,OR,Investor Owned,19231.0,118.0,0.63,187.30159,42.828,0.0,0.0,0.201,43.175,197159.0,22.5,25934.0,0.0
9216.0,Imperial Irrigation District,CA,Political Subdivision,156460.0,53.88,0.51,105.64706,79.925,0.0,1.342,0.002,83.399,14743.0,6.7,0.0,0.0
9230.0,City of Independence - (IA),IA,Municipal,3169.0,10.877,0.192,56.651042,0.039,0.0,0.0,0.0,0.039,0.0,0.0,0.0,0.0
9246.0,"Indian Electric Coop, Inc",OK,Cooperative,19678.0,115.417,0.908,127.11123,0.241,0.0,0.0,0.0,0.241,0.0,0.0,0.0,0.0
9273.0,Indianapolis Power & Light Co,IN,Investor Owned,504500.0,75.603,0.884,85.523756,3.465,0.0,0.0,0.05,3.515,196042.0,30.6,57195.0,365.0
9292.0,Inter County Energy Coop Corp,KY,Cooperative,26556.0,135.952,1.64,82.897561,0.335,0.0,0.0,0.0,0.335,0.0,0.0,0.0,0.0
9324.0,Indiana Michigan Power Co,IN,Investor Owned,466416.0,189.4,1.185,159.83122,13.376,0.083,0.0,0.173,13.789,136437.0,16.3,2589.0,0.0
9324.0,Indiana Michigan Power Co,MI,Investor Owned,129066.0,332.2,1.708,194.49649,13.376,0.083,0.0,0.173,13.789,136437.0,16.3,2589.0,0.0
9331.0,Intercounty Electric Coop Assn,MO,Cooperative,30499.0,232.995,1.977,117.85281,1.1,0.0,0.0,0.0,1.1,0.0,0.0,0.0,0.0
9336.0,Intermountain Rural Elec Assn,CO,Cooperative,178368.0,88.057,0.886,99.387133,16.471,0.0,0.0,0.043,16.514,0.0,0.0,0.0,0.0
9425.0,Iowa Lakes Electric Coop,IA,Cooperative,12852.0,64.03,0.76,84.25,2.605,0.0,0.0,0.417,3.022,0.0,0.0,0.0,0.0
9442.0,Town of Ipswich - (MA),MA,Municipal,7237.0,19.788,0.308,64.246753,2.783,0.0,0.0,0.012,2.795,0.0,0.0,0.0,0.0
9475.0,Itasca-Mantrap Co-op Electrical Assn,MN,Cooperative,11918.0,103.65,1.156,89.66263,0.115,0.0,0.066,0.06,0.241,0.0,0.0,0.0,0.0
9575.0,Jackson Energy Coop Corp - (KY),KY,Cooperative,51550.0,227.26,1.911,118.92203,0.2,0.0,0.0,0.0,0.2,0.0,0.0,0.0,0.0
9576.0,Jackson County Rural E M C - (IN),IN,Cooperative,24408.0,146.148,1.532,95.396867,0.149,0.0,0.0,0.006,0.157,1214.0,0.42,629.0,0.0
9601.0,Jackson Electric Member Corp - (GA),GA,Cooperative,228316.0,73.05,0.885,82.542373,3.405,0.0,0.0,0.0,3.405,3370.0,0.843,24099.0,0.0
9605.0,Jackson Purchase Energy Corporation,KY,Cooperative,29813.0,137.175,1.463,93.762816,0.305,0.0,0.0,0.0,0.305,0.0,0.0,0.0,0.0
9665.0,Jasper County Rural E M C,IN,Cooperative,9173.0,56.382,0.907,62.163175,0.019,0.0,0.0,0.0,0.019,0.0,0.0,0.0,0.0
9668.0,"Jasper-Newton Elec Coop, Inc",TX,Cooperative,22835.0,526.65,4.48,117.5558,0.152,0.0,0.0,0.0,0.152,0.0,0.0,0.0,0.0
9689.0,Jefferson Electric Member Corp,GA,Cooperative,34443.0,95.1,1.05,90.571429,0.011,0.0,0.0,0.0,0.011,2976.0,0.0,0.0,0.0
9699.0,"Jemez Mountains Elec Coop, Inc",NM,Cooperative,31000.0,396.21,2.669,148.44886,1.623,0.0,0.0,0.0,1.623,474.49,0.099,0.0,0.0
9726.0,Jersey Central Power & Lt Co,NJ,Investor Owned,1117687.0,173.809,1.553,111.91822,597.416,1.445,0.0,0.277,598.433,1151.298,0.18,0.0,0.0
9750.0,"Jo-Carroll Energy, Inc",IL,Cooperative,20726.0,63.0,0.65,96.923077,1.495,0.0,0.0,0.016,1.511,701.0,0.067,1417.0,0.0
9777.0,Johnson City - (TN),TN,Municipal,78776.0,21.525,0.326,66.027607,0.0,0.0,0.0,0.0,0.0,0.0,0.0,0.0,0.0
9778.0,Johnson County Rural E M C,IN,Cooperative,27607.0,37.057,0.819,45.246642,0.353,0.0,0.0,0.005,0.358,1274.0,0.44,2.0,32.0
9964.0,Kenergy Corp,KY,Cooperative,57275.0,116.79,1.62,72.092593,2.978,0.0,0.0,0.0,2.978,0.0,0.0,0.0,0.0
9991.0,Kandiyohi Power Coop,MN,Cooperative,8730.0,61.6,1.008,61.111111,0.337,0.0,0.0,0.175,0.512,0.0,0.0,0.0,0.0
9996.0,City of Kansas City - (KS),KS,Municipal,58939.0,134.741,1.5,89.827333,0.671,0.0,0.0,0.0,0.671,209.75,0.44,0.0,0.0
10000.0,Evergy Metro,KS,Investor Owned,270675.0,61.51,0.663,92.775264,32.913,0.0,0.0,0.061,32.974,7.145,0.005,18957.0,0.0
10000.0,Evergy Metro,MO,Investor Owned,297681.0,91.38,0.977,93.531218,32.913,0.0,0.0,0.061,32.974,7.145,0.005,18957.0,0.0
10005.0,"Evergy Kansas South, Inc",KS,Investor Owned,339770.0,122.7,1.114,110.14363,3.459,0.0,0.0,1.021,4.48,0.0,0.0,27912.0,0.0
10019.0,FreeState Electric Coop,KS,Cooperative,18310.0,335.29,0.0,0.0,1.476,0.0,0.0,0.1,1.576,0.0,0.0,0.0,0.0
10056.0,City of Kaukauna,WI,Municipal,15502.0,15.0,0.2,75.0,0.567,0.0,0.0,0.02,0.587,0.0,0.0,0.0,0.0
10063.0,Kaysville City Corporation,UT,Municipal,9910.0,8.61,0.072,119.58333,2.404,0.0,0.0,0.0,2.404,0.0,0.0,0.0,0.0
10170.0,"Kiamichi Electric Coop, Inc",OK,Cooperative,21668.0,382.25,2.56,149.31641,0.127,0.0,0.0,0.005,0.132,0.0,0.0,0.0,0.0
10171.0,Kentucky Utilities Co,KY,Investor Owned,537990.0,98.4,0.954,103.14465,3.226,0.197,0.0,0.011,3.267,50581.684,9.54,71609.0,0.0
10171.0,Kentucky Utilities Co,VA,Investor Owned,30195.0,127.13,1.292,98.397833,3.226,0.197,0.0,0.011,3.267,50581.684,9.54,71609.0,0.0
10226.0,"Utility Board of the City of Key West, F",FL,Municipal,30845.0,54.3,1.2,45.25,0.426,0.0,0.0,0.0,0.426,0.0,0.0,0.0,0.0
10331.0,Kingsport Power Co,TN,Investor Owned,48317.0,262.1,1.645,159.33131,1.032,0.008,0.0,0.004,1.036,0.0,0.0,0.0,0.0
10345.0,City of Kinston - (NC),NC,Municipal,11536.0,19.34,0.0,0.0,0.0,0.0,0.0,0.0,0.0,0.0,0.0,0.0,0.0
10421.0,Knoxville Utilities Board,TN,Municipal,203914.1,155.892,1.645,94.767173,0.0,0.0,0.0,0.0,0.0,0.0,0.0,0.0,0.0
10448.0,Kosciusko County Rural E M C,IN,Cooperative,17011.0,85.578,1.03,83.085437,2.037,0.0,0.0,0.91,2.947,0.0,0.0,0.0,0.0
10454.0,Kootenai Electric Cooperative,ID,Cooperative,29090.0,174.049,1.094,159.09415,0.218,0.0,0.052,0.018,0.288,1578.09,0.251,0.0,0.0
10539.0,"La Plata Electric Assn, Inc",CO,Cooperative,43846.0,78.689,0.978,80.4591,9.335,0.0,0.35,0.018,9.711,0.0,0.0,0.0,0.0
10579.0,City of LaFollette,TN,Municipal,21904.0,290.17,4.19,69.252983,0.0,0.0,0.0,0.0,0.0,0.0,0.0,0.0,0.0
10599.0,"Lake Region Electric Coop, Inc - (OK)",OK,Cooperative,24769.0,178.963,1.119,159.93119,0.089,0.003,0.0,0.0,0.089,0.0,0.0,0.0,0.0
10603.0,"Laclede Electric Coop, Inc",MO,Cooperative,37239.0,123.25,1.81,68.093923,0.871,0.0,0.0,0.0,0.871,0.0,0.0,0.0,0.0
10618.0,Lake Region Electric Cooperative - (MN),MN,Cooperative,28113.0,86.34,0.92,93.847826,0.25,0.0,0.0,0.299,0.549,0.0,0.0,0.0,0.0
10624.0,Southern Rivers Energy,GA,Cooperative,19303.0,204.55,2.23,91.726457,0.178,0.0,0.0,0.0,0.185,0.0,0.0,0.0,0.0
10633.0,City of Lamar - (CO),CO,Municipal,5500.0,15.27,0.127,120.23622,0.0,0.0,0.0,0.0,0.0,0.0,0.0,0.0,0.0
10668.0,Licking Rural Electric Inc,OH,Cooperative,26130.0,158.9,1.25,127.12,0.0,0.0,0.0,0.0,0.0,0.0,0.0,0.0,0.0
10697.0,Lake Country Power,MN,Cooperative,49579.0,207.17,1.875,110.49067,0.676,0.0,0.0,0.038,0.714,0.0,0.0,0.0,0.0
10724.0,Lassen Municipal Utility District,CA,Municipal,12015.0,203.021,2.339,86.798204,1.374,0.0,0.0,0.0,1.374,392.0,0.01,0.0,0.0
10768.0,"Laurens Electric Coop, Inc",SC,Cooperative,57907.0,114.35,1.22,93.729508,1.731,0.0,0.0,0.0,1.731,0.0,0.0,5412.0,15.9
10798.0,Lawrenceburg Municipal Utils,IN,Municipal,3485.0,1.837,0.014,131.21429,0.0,0.0,0.0,0.0,0.0,0.0,0.0,0.0,0.0
10879.0,Lehi City Corporation,UT,Municipal,22974.0,46.07,0.551,83.611615,2.271,0.0,0.0,0.008,2.279,76.002,0.0,0.0,0.0
10944.0,PUD No 1 of Lewis County,WA,Political Subdivision,34042.0,392.89,2.85,137.85614,1.089,0.0,0.0,0.0,1.089,2573.48,0.83,0.0,0.0
10960.0,City of Lewisburg - (TN),TN,Municipal,6291.0,4.159,0.118,35.245763,0.0,0.0,0.0,0.0,0.0,0.0,0.0,0.0,0.0
11018.0,Lincoln Electric System,NE,Municipal,138340.0,13.5,0.22,61.363636,0.851,0.0,0.0,0.002,0.853,16340.0,3.4,1741.0,0.0
11053.0,Linn County REC,IA,Cooperative,29448.2,118.0,1.699,69.452619,3.441,0.0,0.0,0.054,3.495,0.0,0.0,0.0,0.0
11135.0,City of Logan - (UT),UT,Municipal,19153.0,14.795,0.29,51.017241,2.053,0.0,0.0,0.0,2.053,591.719,0.107,0.0,0.0
11200.0,"Lorain-Medina R E C, Inc",OH,Cooperative,16429.0,94.044,0.0,0.0,0.0,0.0,0.0,0.0,0.0,0.0,0.0,0.0,0.0
11203.0,Logan County Coop Power & Light,OH,Cooperative,4647.0,70.4,0.0,0.0,0.0,0.0,0.0,0.0,0.0,0.0,0.0,0.0,0.0
11208.0,Los Angeles Department of Water & Power,CA,Municipal,1596912.0,112.84,0.78,144.66667,335.213,6.401,0.0,0.0,335.213,353242.0,89.5,10.0,254.18
11241.0,Entergy Louisiana LLC,LA,Investor Owned,1107688.0,208.0,1.517,137.11272,70.844,0.0,0.0,0.0,70.869,48300.407,9.274,0.0,0.0
11249.0,Louisville Gas & Electric Co,KY,Investor Owned,420963.0,85.03,1.17,72.675214,3.406,0.035,0.0,0.014,3.42,58229.0,10.923,84547.0,0.0
11256.0,City of Loveland - (CO),CO,Municipal,36936.0,38.94,0.41,94.97561,1.083,0.027,0.0,0.0,1.733,13898.891,2.178,0.0,0.0
11268.0,City of Lowell - (MI),MI,Municipal,2948.0,31.632,0.29,109.07586,0.0,0.0,0.0,0.0,0.0,1334.0,0.196,0.0,0.0
11291.0,Lumbee River Elec Member Corp,NC,Cooperative,61442.0,100.311,1.111,90.288929,0.0,0.0,0.0,0.0,0.0,6810.4,0.0,211.0,9.59
11298.0,Lyon Rural Electric Coop,IA,Cooperative,2250.0,50.76,0.66,76.909091,0.05,0.0,0.0,0.0,0.05,148.0,0.021,1015.0,0.0
11345.0,"Lyon-Lincoln Electric Cooperative, Inc.",MN,Cooperative,3910.0,126.552,1.332,95.009009,0.103,0.0,0.0,0.132,0.235,0.0,0.0,0.0,0.0
11355.0,"Lynches River Elec Coop, Inc",SC,Cooperative,21277.0,126.7,1.3,97.461538,0.493,0.0,0.0,0.0,0.493,0.0,0.0,0.0,0.0
11364.0,"Lyntegar Electric Coop, Inc",TX,Cooperative,22906.0,245.24,0.0,0.0,0.0,0.0,0.0,0.0,0.0,0.0,0.0,0.0,0.0
11460.0,City of Macon - (MO),MO,Municipal,3112.0,27.943,1.655,16.883988,0.052,0.0,0.0,0.0,0.052,0.0,0.0,0.0,0.0
11479.0,Madison Gas & Electric Co,WI,Investor Owned,155918.0,42.4,0.458,92.576419,12.619,0.0,0.0,0.06,13.179,0.0,0.0,0.0,0.0
11501.0,Magic Valley Electric Coop Inc,TX,Cooperative,121528.0,140.408,0.0,0.0,1.445,0.0,0.0,0.017,1.462,65.0,0.0,789.0,3.835
11560.0,City of Manassas - (VA),VA,Municipal,16298.0,55.091,1.117,49.320501,0.0,0.0,0.0,0.0,0.0,0.0,0.0,1635.0,6.768
11571.0,Manitowoc Public Utilities,WI,Municipal,17867.0,12.617,0.206,61.247573,0.058,0.0,0.0,0.0,0.058,163.0,0.1,0.0,0.0
11586.0,Town of Mansfield - (MA),MA,Municipal,9950.0,8.237,0.073,112.83562,0.0,0.0,0.0,0.0,2.036,0.0,0.0,0.0,0.0
11624.0,City of Marblehead - (MA),MA,Municipal,10327.0,22.669,0.272,83.341912,0.425,0.0,0.0,0.0,0.425,0.0,0.0,0.0,0.0
11646.0,City of Marietta - (GA),GA,Municipal,41897.0,95.7,1.59,60.188679,0.04,0.0,0.0,0.0,0.04,72.0,0.008,0.0,0.0
11693.0,"Marlboro Electric Coop, Inc",SC,Cooperative,6478.0,150.96,0.0,0.0,0.068,0.0,0.0,0.0,0.068,0.0,0.0,0.0,0.0
11701.0,City of Marquette - (MI),MI,Municipal,17005.0,36.14,0.25,144.56,0.228,0.0,0.154,0.01,1.442,3492.5,0.0,0.0,0.0
11740.0,City of Marshfield - (WI),WI,Municipal,13699.0,11.33,0.145,78.137931,0.143,0.0,0.0,0.0,0.143,0.0,0.0,0.0,0.0
11788.0,Consumers Energy,IA,Cooperative,6791.0,87.57,1.12,78.1875,0.188,0.0,0.0,0.063,0.251,0.0,0.0,0.0,0.0
11824.0,Matanuska Electric Assn Inc,AK,Cooperative,65192.0,250.765,1.662,150.88147,0.836,0.0,0.0,0.07,0.958,0.0,0.0,0.0,0.0
11843.0,Maui Electric Co Ltd,HI,Investor Owned,72265.0,153.66,1.924,79.864865,94.251,2.658,0.0,0.078,94.329,0.0,0.0,29.0,57.0
11910.0,McLeod Cooperative Power Assn,MN,Cooperative,6787.0,160.5,1.672,95.992823,0.315,0.0,0.0,0.34,0.655,0.0,0.0,0.0,0.0
12087.0,McKenzie Electric Coop Inc,ND,Cooperative,12732.0,186.35,1.247,149.43865,0.0,0.0,0.0,0.0,0.0,4.0,0.0,0.0,0.0
12186.0,McMinnville Electric System,TN,Municipal,8002.0,8.736,0.194,45.030928,0.0,0.0,0.0,0.0,0.0,0.0,0.0,0.0,0.0
12208.0,City of McPherson - (KS),KS,Municipal,8738.0,25.995,0.468,55.544872,0.034,0.0,0.0,0.0,0.034,0.0,0.0,20.0,0.0
12227.0,Meeker Coop Light & Power Assn,MN,Cooperative,9061.0,76.41,1.46,52.335616,0.587,0.0,0.039,0.03,0.656,0.0,0.0,0.0,0.0
12243.0,Meade County Rural E C C,KY,Cooperative,29825.0,85.35,0.89,95.898876,0.192,0.0,0.0,0.0,0.192,0.0,0.0,0.0,0.0
12260.0,Mecklenburg Electric Cooperative,VA,Cooperative,31331.0,211.35,1.699,124.3967,0.734,0.0,0.0,0.0,0.734,0.0,0.0,5.0,102.0
12268.0,"Medina Electric Coop, Inc",TX,Cooperative,32032.0,213.9,1.888,113.29449,1.002,0.0,0.0,0.076,1.078,0.0,0.0,779.0,0.0
12293.0,City of Memphis - (TN),TN,Municipal,418951.0,264.9,1.73,153.12139,0.0,0.0,0.0,0.0,0.0,0.0,0.0,0.0,0.0
12296.0,Town of Merrimac - (MA),MA,Municipal,2983.0,30.58,0.22,139.0,0.0,0.0,0.0,0.0,0.0,0.0,0.0,0.0,0.0
12301.0,Nodak Electric Coop Inc,ND,Cooperative,20169.0,109.8,0.978,112.26994,0.046,0.0,0.0,0.146,0.192,0.0,0.0,5819.0,14656.0
12341.0,MidAmerican Energy Co,IA,Investor Owned,698232.0,83.0,0.91,91.208791,13.79,0.0,0.0,1.544,15.411,178315.4,40.8,62112.0,324.8
12341.0,MidAmerican Energy Co,IL,Investor Owned,85214.0,98.0,1.04,94.230769,13.79,0.0,0.0,1.544,15.411,178315.4,40.8,62112.0,324.8
12341.0,MidAmerican Energy Co,SD,Investor Owned,5179.0,57.0,0.49,116.32653,13.79,0.0,0.0,1.544,15.411,178315.4,40.8,62112.0,324.8
12351.0,City of Mesa - (AZ),AZ,Municipal,16871.7,36.89,1.322,27.90469,0.845,0.0,0.0,0.0,0.845,0.0,0.0,0.0,0.0
12390.0,Metropolitan Edison Co,PA,Investor Owned,566218.0,189.322,1.367,138.49451,63.382,1.022,0.102,0.22,73.39,182687.844,24.368,186826.0,0.0
12395.0,Menard Electric Coop,IL,Cooperative,11055.0,203.313,2.087,97.418783,0.476,0.0,0.0,0.012,0.488,263.21,0.03,2234.0,259.36
12462.0,Mid-Carolina Electric Coop Inc,SC,Cooperative,56859.0,90.756,1.27,71.461417,1.31,0.0,0.0,0.0,1.34,0.0,0.0,0.0,0.0
12463.0,"Mid-Yellowstone Elec Coop, Inc",MT,Cooperative,2027.0,207.283,2.217,93.497068,0.01,0.0,0.0,0.007,0.017,0.0,0.0,33.0,96.0
12470.0,Middle Tennessee E M C,TN,Cooperative,232838.0,90.0,1.518,59.288538,0.0,0.0,0.0,0.0,0.0,0.0,0.0,0.0,0.0
12515.0,"Midwest Electric, Inc",OH,Cooperative,10857.0,85.6,0.845,101.30178,0.0,0.0,0.0,0.0,0.0,0.0,0.0,0.0,0.0
12524.0,Midwest Energy Inc,KS,Cooperative,49971.0,233.13,1.82,128.09341,0.0,0.0,0.0,0.0,0.0,0.0,0.0,0.0,0.0
12546.0,Mille Lacs Energy Cooperative,MN,Cooperative,15402.0,120.63,1.34,90.022388,0.181,0.0,0.0,0.001,0.182,0.0,0.0,0.0,0.0
12642.0,Maquoketa Valley Rrl Elec Coop,IA,Cooperative,16426.0,58.38,0.74,78.891892,0.0,0.0,0.0,0.0,0.0,0.0,0.0,0.0,0.0
12647.0,"ALLETE, Inc.",MN,Investor Owned,143598.0,144.02,1.35,106.68148,7.16,0.0,1.04,0.175,8.375,61243.0,7.522,7897.0,746.0
12651.0,Minnesota Valley Electric Coop,MN,Cooperative,43447.0,86.82,1.214,71.515651,0.961,0.0,0.0,0.313,1.274,0.0,0.0,0.0,0.0
12685.0,Entergy Mississippi LLC,MS,Investor Owned,456486.0,269.6,1.6,168.5,0.937,0.0,0.0,0.011,0.948,42306.0,7.922,0.0,0.0
12686.0,Mississippi Power Co,MS,Investor Owned,187958.0,76.42,0.95,80.442105,1.862,0.0,0.0,0.0,1.862,21536.16,5.79,15.0,0.0
12692.0,"Missoula Electric Coop, Inc",MT,Cooperative,15485.0,209.8,1.825,114.9589,0.383,0.0,0.157,0.002,0.542,1080.0,0.04,0.0,0.0
12698.0,Evergy Missouri West,MO,Investor Owned,325493.0,125.16,1.189,105.26493,45.227,0.0,0.0,0.035,45.262,95379.788,17.379,30962.0,1131.476
12745.0,Modesto Irrigation District,CA,Political Subdivision,115853.0,32.75,0.452,72.455752,49.847,0.0,0.0,0.0,49.847,7464.0,1.6,11186.0,0.0
12782.0,City of Monett - (MO),MO,Municipal,4793.0,20.101,0.433,46.422633,0.072,0.0,0.0,0.0,0.072,0.0,0.0,0.0,0.0
12796.0,Monongahela Power Co,WV,Investor Owned,388589.0,373.276,2.17,172.01659,2.61,0.044,0.166,0.035,2.811,0.0,0.0,1.0,0.0
12801.0,City of Monroe - (NC),NC,Municipal,11078.0,29.87,0.477,62.620545,0.0,0.0,0.0,0.0,0.0,0.0,0.0,0.0,0.0
12803.0,"Monroe County Elec Coop, Inc",IL,Cooperative,7421.0,208.7,1.439,145.03127,0.549,0.0,0.0,0.001,0.55,290.0,0.11,0.0,0.0
12825.0,NorthWestern Energy LLC - (MT),MT,Investor Owned,365915.0,114.0,1.16,98.275862,16.964,0.039,0.0,0.856,17.908,74795.989,3.97,0.0,0.0
12901.0,Mora-San Miguel Elec Coop,NM,Cooperative,11095.0,265.0,0.0,0.0,0.699,0.0,0.0,0.0,0.699,0.0,0.0,0.0,0.0
12929.0,South Central Indiana REMC,IN,Cooperative,33905.0,363.77,4.24,85.794811,0.88,0.03,0.0,0.002,0.882,0.0,0.0,0.0,0.0
12990.0,Consolidated Electric Coop Inc,OH,Cooperative,17688.0,104.0,1.37,75.912409,0.538,0.0,0.1,0.0,0.638,0.0,0.0,0.0,0.0
13029.0,City of Moundridge - (KS),KS,Municipal,1040.0,50.081,0.265,188.98491,0.0,0.0,0.0,0.0,0.0,0.0,0.0,0.0,0.0
13033.0,City of Mount Dora - (FL),FL,Municipal,5853.0,50.041,0.69,72.523188,0.157,0.0,0.0,0.0,0.157,0.0,0.0,0.0,0.0
13058.0,"Mountain View Elec Assn, Inc",CO,Cooperative,54628.0,66.6,0.646,103.09598,7.659,0.438,0.0,0.145,7.804,4846.92,1.42,0.0,0.0
13143.0,Board of Water Electric & Communications,IA,Municipal,11502.0,18.712,0.382,48.984293,0.183,0.0,0.0,0.0,0.183,978.329,0.177,0.0,0.0
13196.0,Northern Plains Electric Coop,ND,Cooperative,11889.0,173.4,1.359,127.59382,0.0,0.0,0.0,0.0,0.0,0.0,0.0,0.0,0.0
13209.0,City of Napoleon - (OH),OH,Municipal,5922.0,7.778,0.115,67.634783,0.053,0.0,0.0,0.0,0.053,0.0,0.0,0.0,0.0
13214.0,The Narragansett Electric Co,RI,Investor Owned,496959.0,68.2,1.024,66.601563,142.62,0.0,0.0,25.41,168.29,283333.41,41.97,0.0,0.0
13216.0,Nashville Electric Service,TN,Municipal,396307.0,125.59,1.628,77.143735,0.0,0.0,0.0,0.0,0.0,0.0,0.0,0.0,0.0
13337.0,Nebraska Public Power District,NE,Political Subdivision,91658.0,46.5,0.49,94.897959,0.845,0.0,0.0,0.076,0.921,4963.852,0.859,365.0,0.0
13386.0,"Nemaha-Marshall E C A, Inc",KS,Cooperative,3495.0,180.961,1.29,140.27984,0.028,0.0,0.0,0.01,0.038,0.0,0.0,0.0,0.0
13407.0,Nevada Power Co,NV,Investor Owned,1003589.0,37.68,0.43,87.627907,353.206,0.0,0.0,0.031,353.237,205452.0,36.6,69313.0,28368.0
13416.0,City of New Bern - (NC),NC,Municipal,22450.0,17.427,0.207,84.188406,0.0,0.0,0.0,0.0,0.0,0.0,0.0,0.0,0.0
13418.0,City of New Braunfels - (TX),TX,Municipal,44906.0,38.546,0.903,42.6866,1.102,0.006,0.0,0.002,1.104,0.0,0.0,0.0,0.0
13424.0,New Castle Municipal Serv Comm,DE,Municipal,2841.0,17.32,0.163,106.25767,0.284,0.0,0.0,0.0,0.284,0.0,0.0,0.0,0.0
13471.0,City of New Martinsville - (WV),WV,Municipal,1783.0,99.9,1.446,69.087137,0.0,0.0,0.0,0.0,0.0,0.0,0.0,0.0,0.0
13478.0,"Entergy New Orleans, LLC",LA,Investor Owned,208035.0,158.4,1.345,117.76952,44.41,0.0,0.0,0.0,44.41,46556.0,13.6,1146.0,0.0
13481.0,City of New Richmond,WI,Municipal,4850.0,24.49,0.35,69.971429,0.024,0.0,0.0,0.0,0.459,0.0,0.0,0.0,0.0
13482.0,New River Light & Power Co,NC,State,8356.0,8.355,0.095,87.947368,0.0,0.0,0.0,0.0,0.0,0.0,0.0,0.0,0.0
13547.0,"Newnan Wtr, Sewer & Light Comm",GA,Municipal,10244.0,27.722,0.225,123.20889,0.0,0.0,0.0,0.0,0.0,0.0,0.0,0.0,0.0
13561.0,City of Newton - (NC),NC,Municipal,4740.0,48.34,0.0,0.0,0.0,0.0,0.0,0.0,0.0,0.0,0.0,0.0,0.0
13573.0,Niagara Mohawk Power Corp.,NY,Investor Owned,1653855.0,135.57,1.053,128.74644,405.402,0.0,49.446,6.031,478.935,377931.0,41.0,6060.0,1285.5
13604.0,City of Niles - (MI),MI,Municipal,6654.0,90.03,0.84,107.17857,0.0,0.0,0.0,0.0,0.0,540.0,0.063,0.0,0.0
13647.0,Noble County R E M C,IN,Cooperative,11460.0,101.9,1.008,101.09127,0.324,0.0,0.0,0.012,0.336,0.0,0.0,0.0,0.0
13651.0,Nolin Rural Electric Coop Corp,KY,Cooperative,35685.0,63.803,0.996,64.059237,0.424,0.0,0.0,0.0,0.424,0.0,0.0,0.0,0.0
13664.0,Norris Public Power District,NE,Political Subdivision,24545.0,158.7,1.602,99.06367,0.703,0.0,0.0,0.191,0.894,2724.0,0.49,1549.0,0.0
13676.0,"North Arkansas Elec Coop, Inc",AR,Cooperative,36780.0,210.85,1.72,122.58721,0.512,0.0,0.0,0.013,0.525,278.259,0.296,8697.0,0.0
13679.0,Town of North Attleborough - (MA),MA,Municipal,13376.0,14.239,0.121,117.67769,0.773,0.0,0.0,0.0,0.773,0.0,0.0,0.0,0.0
13684.0,Nobles Cooperative Electric,MN,Cooperative,6832.0,222.477,1.326,167.78054,0.183,0.0,0.0,0.101,0.284,0.0,0.0,0.0,0.0
13685.0,"Niobrara Electric Assn, Inc",WY,Cooperative,2260.0,602.6,0.0,0.0,0.0,0.0,0.0,0.0,0.0,0.0,0.0,0.0,0.0
13693.0,"North Central Elec Coop, Inc",OH,Cooperative,9657.0,79.12,0.0,0.0,0.0,0.0,0.0,0.0,0.0,0.0,0.0,0.0,0.0
13716.0,North Georgia Elec Member Corp,GA,Cooperative,101227.0,143.19,1.618,88.498146,0.0,0.0,0.0,0.0,0.0,0.0,0.0,0.0,0.0
13731.0,"North Star Electric Coop, Inc",MN,Cooperative,6624.0,92.363,1.162,79.486231,0.033,0.0,0.0,0.0,0.033,1560.992,0.0,0.0,0.0
13735.0,Northcentral Mississippi E P A,MS,Cooperative,32413.0,230.27,2.56,89.949219,0.0,0.0,0.0,0.0,0.0,0.0,0.0,0.0,0.0
13750.0,"Northern Electric Coop, Inc",SD,Cooperative,6417.0,86.79,0.99,87.666667,0.0,0.0,0.0,0.0,0.0,0.0,0.0,0.0,0.0
13756.0,Northern Indiana Pub Serv Co,IN,Investor Owned,502079.0,155.0,1.068,145.13109,19.672,0.0,0.0,1.935,21.607,130299.547,56.094,0.0,0.0
13780.0,Northern States Power Co,MI,Investor Owned,8819.0,99.85,0.66,151.28788,0.0,0.0,3.0,0.0,3.0,1666.739,0.313,19561.0,65.443
13780.0,Northern States Power Co,WI,Investor Owned,247931.0,112.88,0.87,129.74713,0.0,0.0,3.0,0.0,3.0,1666.739,0.313,19561.0,65.443
13781.0,Northern States Power Co - Minnesota,MN,Investor Owned,1277090.0,80.66,0.742,108.7062,57.256,0.0,0.0,0.0,57.256,490710.51,82.66,415532.0,649.804
13781.0,Northern States Power Co - Minnesota,ND,Investor Owned,92705.0,42.227,0.385,109.68052,57.256,0.0,0.0,0.0,57.256,490710.51,82.66,415532.0,649.804
13781.0,Northern States Power Co - Minnesota,SD,Investor Owned,94348.0,62.571,0.577,108.44194,57.256,0.0,0.0,0.0,57.256,490710.51,82.66,415532.0,649.804
13788.0,Northern Wasco County PUD,OR,Political Subdivision,10163.0,17.158,0.089,192.78652,0.137,0.0,0.0,0.0,0.137,1840.806,0.373,0.0,0.0
13805.0,Northwest Rural Pub Pwr Dist,NE,Political Subdivision,3379.0,280.0,2.112,132.57576,0.123,0.0,0.0,0.2,0.323,0.0,0.0,0.0,0.0
13809.0,NorthWestern Energy - (SD),SD,Investor Owned,55207.0,112.0,1.39,80.57554,0.0,0.0,0.0,0.0,0.0,0.0,0.0,0.0,0.0
13830.0,Nueces Electric Cooperative,TX,Cooperative,19302.0,176.513,1.435,123.00557,0.0,0.0,0.0,0.0,0.0,0.0,0.0,0.0,0.0
13831.0,City of Norwich - (CT),CT,Municipal,20456.0,94.71,1.04,91.067308,0.223,0.0,0.0,0.0,0.673,0.0,0.0,0.0,0.0
13838.0,"Northfork Electric Coop, Inc",OK,Cooperative,6554.0,131.2,0.0,0.0,0.04,0.0,0.0,0.0,0.04,0.002,0.002,217.0,1.323
13936.0,Oakdale Electric Coop,WI,Cooperative,16954.0,107.22,0.987,108.63222,0.47,0.0,0.2,0.045,2.015,440.0,0.054,5680.0,0.0
13966.0,City of Olustee,OK,Municipal,342.0,11.985,0.507,23.639053,0.0,0.0,0.0,0.0,0.0,0.0,0.0,0.0,0.0
13998.0,Ohio Edison Co,OH,Investor Owned,1042023.0,108.819,1.036,105.03764,22.551,0.38,0.0,3.601,27.067,283011.097,39.396,16.0,0.0
14006.0,Ohio Power Co,OH,Investor Owned,1486637.0,202.4,1.388,145.82133,53.248,0.392,0.0,24.016,81.479,560772.0,91.1,25.0,0.0
14062.0,Oklahoma Electric Coop Inc,OK,Cooperative,57781.0,53.4,0.9,59.333333,0.726,0.0,0.0,0.083,0.809,0.0,0.0,0.0,0.0
14107.0,City of Olivia - (MN),MN,Municipal,1324.0,0.655,0.01,65.5,0.0,0.0,0.0,0.0,0.0,0.0,0.0,0.0,0.0
14127.0,Omaha Public Power District,NE,Political Subdivision,379463.0,76.3,0.58,131.55172,0.806,0.0,0.0,0.097,0.903,15741.0,5.9,48804.0,0.0
14146.0,City of Opelika - (AL),AL,Municipal,12929.0,254.2,0.565,449.9115,0.0,0.0,0.0,0.0,0.0,0.0,0.0,0.0,0.0
14156.0,Ontonagon County R E A,MI,Cooperative,4865.0,442.2,2.19,201.91781,0.182,0.0,0.0,0.023,0.206,0.0,0.0,0.0,0.0
14170.0,Orcas Power & Light Coop,WA,Cooperative,14577.0,217.8,1.778,122.49719,3.811,0.0,0.52,0.01,4.421,0.0,0.0,0.0,0.0
14175.0,"Tri-County Electric Coop, Inc (SC)",SC,Cooperative,18085.0,192.59,2.69,71.594796,0.473,0.0,0.0,0.0,0.473,0.0,0.0,17568.0,1333.0
14178.0,"P K M Electric Coop, Inc",MN,Cooperative,3888.0,83.75,0.21,398.80952,0.0,0.0,0.0,0.0,0.0,0.0,0.0,1805.0,0.0
14202.0,"Osceola Electric Coop, Inc",IA,Cooperative,1129.0,102.774,3.337,30.798322,0.0,0.0,0.0,0.0,0.0,257.0,0.04,615.0,0.0
14232.0,Otter Tail Power Co,MN,Investor Owned,63290.0,101.73,1.13,90.026549,0.545,0.0,0.0,0.348,0.928,69248.477,28.514,20980.0,0.0
14232.0,Otter Tail Power Co,ND,Investor Owned,59761.0,108.91,1.47,74.088435,0.545,0.0,0.0,0.348,0.928,69248.477,28.514,20980.0,0.0
14232.0,Otter Tail Power Co,SD,Investor Owned,11930.0,968.6,4.67,207.40899,0.545,0.0,0.0,0.348,0.928,69248.477,28.514,20980.0,0.0
14245.0,Overton Power District No 5,NV,Political Subdivision,16145.0,16.061,0.224,71.700893,1.449,0.0,0.0,0.0,1.449,0.0,0.0,0.0,0.0
14246.0,City of Owatonna - (MN),MN,Municipal,12016.0,18.771,0.217,86.502304,0.109,0.0,0.0,0.0,0.109,6189.046,0.915,7096.0,110.451
14251.0,Owen Electric Coop Inc,KY,Cooperative,62277.0,104.0,1.3,80.0,0.537,0.0,0.0,0.001,0.538,0.0,0.0,0.0,0.0
14268.0,City of Owensboro - (KY),KY,Municipal,27207.0,74.738,1.044,71.588123,0.333,0.0,0.0,0.0,0.333,0.0,0.0,0.0,0.0
14289.0,Ozarks Electric Coop Corp - (AR),AR,Cooperative,65697.0,42.77,0.26,164.5,13.097,0.0,0.0,0.011,13.108,0.0,0.0,0.0,0.0
14289.0,Ozarks Electric Coop Corp - (AR),OK,Cooperative,12739.0,127.69,0.72,177.34722,13.097,0.0,0.0,0.011,13.108,0.0,0.0,0.0,0.0
14328.0,Pacific Gas & Electric Co.,CA,Investor Owned,5589368.0,134.1,0.995,134.77387,4265.184,96.415,32.3,18.827,4473.646,1322045.0,270.0,268381.0,3963.0
14354.0,PacifiCorp,CA,Investor Owned,47392.0,106.3,0.838,126.84964,303.76,2.619,0.0,0.176,304.405,7237.7,1.4,157.0,0.0
14354.0,PacifiCorp,ID,Investor Owned,82079.0,89.114,0.954,93.410901,303.76,2.619,0.0,0.176,304.405,7237.7,1.4,157.0,0.0
14354.0,PacifiCorp,OR,Investor Owned,617662.0,108.057,0.966,111.86025,303.76,2.619,0.0,0.176,304.405,7237.7,1.4,157.0,0.0
14354.0,PacifiCorp,UT,Investor Owned,946168.0,115.523,0.982,117.64053,303.76,2.619,0.0,0.176,304.405,7237.7,1.4,157.0,0.0
14354.0,PacifiCorp,WA,Investor Owned,136786.0,88.112,0.679,129.7673,303.76,2.619,0.0,0.176,304.405,7237.7,1.4,157.0,0.0
14354.0,PacifiCorp,WY,Investor Owned,146512.0,134.604,1.352,99.559172,303.76,2.619,0.0,0.176,304.405,7237.7,1.4,157.0,0.0
14371.0,City of Paducah - (KY),KY,Municipal,22115.0,49.49,1.42,34.852113,0.0,0.0,0.0,0.0,0.0,0.0,0.0,0.0,0.0
14381.0,City of Painesville,OH,Municipal,12500.0,92.313,0.804,114.81716,0.0,0.0,0.0,0.0,0.0,0.0,0.0,0.0,0.0
14398.0,Palmetto Electric Coop Inc,SC,Cooperative,72500.0,43.75,0.627,69.776715,1.081,0.0,0.24,0.0,1.321,0.0,0.0,38927.0,1.73
14455.0,City of Paris - (TN),TN,Municipal,21358.0,210.535,3.095,68.024233,0.0,0.0,0.0,0.0,0.0,0.0,0.0,0.0,0.0
14468.0,People's Cooperative Services,MN,Cooperative,22859.0,87.88,1.233,71.273317,1.672,0.0,0.181,0.154,2.007,4529.0,0.352,2189.0,0.0
14471.0,Parke County Rural E M C,IN,Cooperative,12137.0,624.396,4.944,126.29369,0.132,0.0,0.1,0.0,0.232,0.0,0.0,0.0,0.0
14534.0,City of Pasadena - (CA),CA,Municipal,64909.0,14.271,0.089,160.34831,10.481,0.0,0.0,0.0,10.481,16681.0,11.7,0.0,0.0
14557.0,"Pee Dee Electric Coop, Inc",SC,Cooperative,30597.0,98.4,0.708,138.98305,0.494,0.0,0.0,0.002,0.496,0.0,0.374,4.0,0.0
14563.0,Pearl River Valley El Pwr Assn,MS,Cooperative,50256.0,166.64,2.167,76.898939,1.226,0.0,0.0,0.0,1.226,676.0,0.2,0.0,0.0
14606.0,"Peace River Electric Coop, Inc",FL,Cooperative,45984.0,156.6,1.84,85.108696,3.349,0.0,0.0,0.0,3.349,557.0,0.008,0.0,0.0
14626.0,"Pedernales Electric Coop, Inc",TX,Cooperative,329715.0,45.3,0.91,49.78022,32.024,0.0,0.0,0.0,32.024,0.0,0.0,0.0,0.0
14668.0,Peninsula Light Company,WA,Cooperative,33353.0,40.0,0.26,153.84615,1.396,0.04,0.0,0.001,1.397,1941.0,0.2,0.0,0.0
14711.0,Pennsylvania Electric Co,PA,Investor Owned,579647.0,223.75,1.71,130.84795,8.844,0.006,0.356,0.228,32.732,197569.86,22.466,0.0,0.0
14715.0,PPL Electric Utilities Corp,PA,Investor Owned,1429035.0,74.3,0.66,112.57576,158.398,0.0,8.108,0.442,200.175,429639.506,60.923,64.0,0.0
14716.0,Pennsylvania Power Co,PA,Investor Owned,164199.0,155.503,1.252,124.20367,2.862,0.104,0.102,0.088,4.302,58908.819,7.745,29159.0,0.0
14717.0,Pee Dee Electric Member Corp,NC,Cooperative,21080.0,136.81,1.573,86.973935,0.65,0.0,0.1,0.0,0.75,22.0,0.002,102.0,0.0
14724.0,Pennyrile Rural Electric Coop,KY,Cooperative,47559.0,201.0,2.06,97.572816,0.0,0.0,0.0,0.0,0.0,0.0,0.0,0.0,0.0
14792.0,Borough of Perkasie - (PA),PA,Municipal,4000.0,9.63,0.1,96.3,0.064,0.0,0.0,0.0,0.064,0.0,0.0,0.0,0.0
14864.0,Petit Jean Electric Coop Corp,AR,Cooperative,19988.0,185.04,1.42,130.30986,0.717,0.0,0.0,0.003,0.72,0.0,0.0,0.0,0.0
14940.0,PECO Energy Co,PA,Investor Owned,1656246.0,94.0,0.87,108.04598,107.71,0.0,1.62,0.0,109.33,236212.0,29.3,60690.0,162606.0
15023.0,Piedmont Electric Member Corp,NC,Cooperative,32533.0,106.087,0.826,128.43462,1.18,0.0,0.5,0.0,1.68,3218.0,0.05,6486.0,0.0
15034.0,Pierce-Pepin Coop Services,WI,Cooperative,7671.0,100.009,0.976,102.46824,0.677,0.0,0.0,0.082,0.759,453.0,0.064,6528.0,0.0
15054.0,"Pioneer Rural Elec Coop, Inc - (OH)",OH,Cooperative,17133.0,103.91,0.86,120.82558,0.0,0.0,0.0,0.0,0.0,0.0,0.0,0.0,0.0
15073.0,"Pioneer Electric Coop, Inc - (KS)",KS,Cooperative,16624.0,162.81,0.0,0.0,0.099,0.0,0.0,0.005,0.104,0.0,0.0,0.0,0.0
15138.0,"Platte-Clay Electric Coop, Inc",MO,Cooperative,23269.0,74.85,0.96,77.96875,1.407,0.0,0.0,0.015,1.422,0.0,0.0,0.0,0.0
15188.0,Polk County Rural Pub Pwr Dist,NE,Political Subdivision,4747.0,71.497,0.942,75.899151,0.049,0.0,0.0,0.0,0.049,0.0,0.0,903.0,0.0
15202.0,City of Ponca City - (OK),OK,Municipal,15165.0,187.947,2.147,87.539357,0.0,0.0,0.0,0.0,0.0,0.0,0.0,0.0,0.0
15248.0,Portland General Electric Co,OR,Investor Owned,884690.0,98.0,0.61,160.65574,89.419,0.0,0.0,0.671,92.367,0.0,0.0,120550.0,0.0
15257.0,"Poudre Valley REA, Inc",CO,Cooperative,44421.0,85.075,0.869,97.899885,5.441,0.0,0.743,0.0,6.184,4056.696,0.336,0.0,0.0
15263.0,The Potomac Edison Company,MD,Investor Owned,269467.0,172.434,1.079,159.80908,79.841,1.233,2.515,0.118,82.474,133531.0,20.29,1.0,0.0
15263.0,The Potomac Edison Company,WV,Investor Owned,142878.0,194.167,1.116,173.98477,79.841,1.233,2.515,0.118,82.474,133531.0,20.29,1.0,0.0
15270.0,Potomac Electric Power Co,DC,Investor Owned,305487.0,55.0,0.49,112.2449,212.31,0.0,0.0,0.018,212.328,0.0,0.0,25268.0,272.0
15270.0,Potomac Electric Power Co,MD,Investor Owned,578433.0,60.0,0.74,81.081081,212.31,0.0,0.0,0.018,212.328,0.0,0.0,25268.0,272.0
15293.0,Powell Valley Electric Coop,TN,Cooperative,24003.0,204.758,3.101,66.029668,0.0,0.0,0.0,0.0,0.0,0.0,0.0,0.0,0.0
15293.0,Powell Valley Electric Coop,VA,Cooperative,8284.0,87.754,1.329,66.030098,0.0,0.0,0.0,0.0,0.0,0.0,0.0,0.0,0.0
15344.0,Polk-Burnett Electric Coop,WI,Cooperative,20851.0,34.8,0.389,89.460154,0.699,0.0,0.0,0.042,0.763,854.0,0.169,7113.0,0.0
15386.0,City of Princeton - (KY),KY,Municipal,3801.0,5.263,0.095,55.4,0.0,0.0,0.0,0.0,0.0,0.0,0.0,0.0,0.0
15387.0,Princeton Public Utils Comm,MN,Municipal,2795.0,7.196,0.085,84.658824,0.0,0.0,0.0,0.0,0.0,1432.2,0.148,551.0,7.5
15410.0,Prince George Electric Coop,VA,Cooperative,11898.0,123.22,0.0,0.0,0.206,0.0,0.0,0.002,0.208,0.0,0.0,0.0,0.0
15444.0,Provo City Corp,UT,Municipal,37290.0,48.0,0.758,63.324538,3.808,0.0,0.0,0.0,3.808,0.0,0.0,0.0,0.0
15466.0,Public Service Co of Colorado,CO,Investor Owned,1409868.0,92.694,0.875,105.936,298.871,0.0,0.0,0.0,298.871,595454.0,106.0,198748.0,112.731
15470.0,"Duke Energy Indiana, LLC",IN,Investor Owned,847227.0,140.0,1.06,132.07547,35.126,0.0,0.0,2.186,40.334,202050.14,28.35,104.0,0.0
15472.0,Public Service Co of NH,NH,Investor Owned,531399.0,229.61,1.197,191.82122,74.823,0.0,0.0,0.299,89.653,96651.536,10.829,40.0,5.0
15473.0,Public Service Co of NM,NM,Investor Owned,530935.0,103.39,0.887,116.56144,161.89,0.0,0.0,0.024,161.914,77935.0,13.47,44412.0,304.0
15474.0,Public Service Co of Oklahoma,OK,Investor Owned,553971.0,125.1,1.322,94.629349,1.696,0.082,0.0,0.104,1.8,133353.0,71.3,16570.0,47.0
15477.0,Public Service Elec & Gas Co,NJ,Investor Owned,2400252.0,48.11,0.67,71.80597,881.02,0.0,0.0,1.514,882.534,32934.726,6.715,0.0,0.0
15500.0,Puget Sound Energy Inc,WA,Investor Owned,1165638.0,136.0,0.96,141.66667,78.018,0.0,0.0,0.079,78.339,253034.424,41.556,0.0,0.0
15507.0,City of Pulaski - (TN),TN,Municipal,14437.0,123.0,1.61,76.397516,0.0,0.0,0.0,0.0,0.0,0.0,0.0,0.0,0.0
15671.0,Randolph Electric Member Corp,NC,Cooperative,32276.0,95.759,1.363,70.256053,0.0,0.0,0.0,0.0,0.0,810.0,0.0,238.0,0.0
15700.0,Rayle Electric Membership Corp,GA,Cooperative,18555.0,170.219,2.015,84.475931,0.184,0.012,0.0,0.0,0.184,0.0,0.0,0.0,0.0
15748.0,Town of Reading - (MA),MA,Municipal,30111.0,16.399,0.255,64.309804,3.036,0.0,0.0,0.0,3.046,1963.349,0.472,19.0,0.0
15750.0,Redwood Electric Coop,MN,Cooperative,4454.0,23.2,0.374,62.032086,0.142,0.0,0.0,0.16,0.302,0.0,0.0,0.0,0.0
15783.0,City of Redding - (CA),CA,Municipal,44378.0,77.4,0.874,88.558352,12.873,0.0,0.0,0.0,12.873,5421.0,0.9,0.0,0.0
15845.0,Renville-Sibley Coop Pwr Assn,MN,Cooperative,1908.0,91.143,0.875,104.16343,0.797,0.0,0.0,0.06,0.862,0.0,0.0,0.0,0.0
15938.0,Rice Lake Utilities,WI,Municipal,5988.0,8.94,0.0,0.0,0.013,0.0,0.0,0.0,0.013,0.0,0.0,0.0,0.0
15979.0,City of Richland - (WA),WA,Municipal,24966.0,10.846,0.363,29.878788,1.713,0.0,0.0,0.005,1.718,0.0,0.0,0.0,0.0
16057.0,"Rio Grande Electric Coop, Inc",TX,Cooperative,13646.0,281.713,0.0,0.0,0.355,0.0,0.0,0.008,0.363,0.0,0.0,0.0,0.0
16060.0,Riverland Energy Cooperative,WI,Cooperative,18154.0,129.23,0.776,166.53351,0.0,0.0,0.0,0.0,0.0,3084.0,0.336,7301.0,0.0
16082.0,City of River Falls,WI,Municipal,6612.0,24.109,0.176,136.98295,0.229,0.0,0.0,0.0,0.229,0.0,0.0,0.0,0.0
16088.0,City of Riverside - (CA),CA,Municipal,112114.0,64.7,0.64,101.09375,37.431,0.0,0.0,0.0,37.431,17327.0,2.0,0.0,0.0
16101.0,Roanoke Electric Member Corp,NC,Cooperative,14172.0,264.2,1.533,172.34181,0.005,0.0,0.0,0.0,0.005,668.0,0.1,629.0,0.1
16146.0,"Navasota Valley Elec Coop, Inc",TX,Cooperative,19859.0,570.86,3.538,161.35105,0.353,0.0,0.0,0.013,0.366,0.0,0.0,0.0,0.0
16181.0,Rochester Public Utilities,MN,Municipal,56264.0,39.171,0.613,63.900489,0.972,0.0,0.286,0.003,1.261,20876.0,3.45,7887.0,271.0
16195.0,City of Rock Hill - (SC),SC,Municipal,38268.0,92.82,1.502,61.797603,0.822,0.0,0.0,0.0,0.822,0.0,0.0,3122.0,0.0
16223.0,City of Rockwood - (TN),TN,Municipal,14657.0,190.333,1.697,112.15852,0.0,0.0,0.0,0.0,0.0,0.0,0.0,0.0,0.0
16226.0,City of Rocky Mount - (NC),NC,Municipal,28418.0,72.02,1.69,42.615385,0.0,0.0,0.0,0.0,0.0,0.0,0.0,0.0,0.0
16368.0,Runestone Electric Assn,MN,Cooperative,14454.0,69.42,1.03,67.398058,0.36,0.0,0.0,0.226,0.586,0.0,0.0,0.0,0.0
16377.0,Town of Rowley - (MA),MA,Municipal,3097.0,43.27,0.0,0.0,0.0,0.0,0.0,0.0,0.0,0.0,0.0,0.0,0.0
16382.0,"Rural Electric Coop, Inc",OK,Cooperative,11960.0,234.1,2.435,96.13963,0.2,0.0,0.0,0.0,0.2,0.0,0.0,0.0,0.0
16420.0,Rural Electric Conven Coop,IL,Cooperative,5891.0,86.96,1.087,80.0,0.438,0.0,0.0,0.032,0.47,0.0,0.0,0.0,0.0
16440.0,City of Russell - (KS),KS,Municipal,3433.0,5.136,0.314,16.356688,0.012,0.0,0.0,0.17,0.182,0.0,0.0,0.0,0.0
16461.0,"Rusk County Electric Coop, Inc",TX,Cooperative,22676.0,403.6,0.0,0.0,0.144,0.0,0.0,0.016,0.16,0.0,0.0,0.0,0.0
16496.0,Rutherford Elec Member Corp,NC,Cooperative,71222.0,55.15,0.581,94.922547,1.025,0.0,0.0,0.0,1.025,0.0,0.0,7525.0,0.0
16558.0,City of Salem - (VA),VA,Municipal,13320.0,15.76,0.118,133.55932,0.46,0.0,0.0,0.0,0.46,0.0,0.0,0.0,0.0
16572.0,Salt River Project,AZ,Political Subdivision,1055618.0,43.27,0.71,60.943662,217.362,3.772,11.266,0.0,228.628,644377.0,143.0,21938.0,113.02
16587.0,Salt River Electric Coop Corp,KY,Cooperative,52831.0,78.83,1.05,75.07619,0.479,0.0,0.0,0.0,0.479,0.0,0.0,0.0,0.0
16603.0,"San Luis Valley R E C, Inc",CO,Cooperative,12494.0,103.2,0.096,1075.0,0.704,0.0,0.0,0.003,0.707,49.0,4.9,0.0,0.0
16604.0,City of San Antonio - (TX),TX,Municipal,829998.0,54.86,0.79,69.443038,179.98,0.0,0.0,0.0,179.98,172463.0,36.5,485576.0,25354.0
16606.0,"Santee Electric Coop, Inc",SC,Cooperative,43458.7,159.75,0.0,0.0,0.948,0.0,0.04,0.0,0.988,16.0,0.139,46.0,125.0
16609.0,San Diego Gas & Electric Co,CA,Investor Owned,1478587.0,68.64,0.596,115.16779,1206.53,37.74,16.09,1.14,1250.23,242605.0,53.06,895133.0,335.64
16613.0,Sam Houston Electric Coop Inc,TX,Cooperative,75330.0,310.0,0.0,0.0,0.0,0.0,0.0,0.0,0.0,0.0,0.0,0.0,0.0
16627.0,San Patricio Electric Coop Inc,TX,Cooperative,11619.0,154.688,1.699,91.046498,0.173,0.0,0.0,0.02,0.193,0.0,0.0,19.0,0.0
16638.0,"San Bernard Electric Coop, Inc",TX,Cooperative,27838.0,100.7,1.202,83.777038,0.0,0.0,0.998,0.007,1.005,0.0,0.0,0.0,0.0
16649.0,Sangre De Cristo Elec Assn Inc,CO,Cooperative,12754.0,198.4,1.606,123.53674,2.179,0.0,0.0,0.046,2.266,0.0,0.0,0.0,0.0
16679.0,City of Sauk Centre - (MN),MN,Municipal,2366.0,7.72,0.23,33.565217,0.0,0.0,0.0,0.095,0.095,735.3,0.119,0.0,0.0
16751.0,Three Rivers Electric Coop,MO,Cooperative,22791.0,162.783,0.94,173.1734,0.381,0.0,0.0,0.005,0.431,0.0,0.0,0.0,0.0
16829.0,City of Scottsboro,AL,Municipal,8341.0,167.726,3.51,47.785185,0.0,0.0,0.0,0.0,0.0,0.0,0.0,0.0,0.0
16854.0,"Heartland Rural Elec Coop, Inc",KS,Cooperative,11251.0,168.29,1.47,114.48299,0.522,0.0,0.0,0.006,0.528,0.0,0.0,2120.0,0.0
16865.0,Sawnee Electric Membership Corporation,GA,Cooperative,183052.0,43.8,0.69,63.478261,1.228,0.0,0.0,0.0,1.228,649.767,0.634,56428.0,125.82
16868.0,City of Seattle - (WA),WA,Municipal,488000.0,75.2,0.49,153.46939,30.23,0.0,0.0,0.0,30.23,111735.064,20.183,0.0,0.0
16920.0,Sedgwick County El Coop Assn Inc,KS,Cooperative,6952.0,206.526,1.462,141.26265,1.969,0.0,0.0,0.048,2.017,104.0,5.0,50.0,10.0
16930.0,Sequachee Valley Electric Coop,TN,Cooperative,36083.0,232.058,3.57,65.002241,0.0,0.0,0.0,0.0,0.0,0.0,0.0,0.0,0.0
16949.0,Sevier County Electric System,TN,Municipal,54590.0,326.593,2.919,111.88523,0.0,0.0,0.0,0.0,0.0,0.0,0.0,0.0,0.0
16971.0,Shakopee Public Utilities Comm,MN,Municipal,17960.0,8.683,0.149,58.275168,0.407,0.0,0.0,0.0,0.407,6165.275,1.691,1929.0,0.0
17037.0,City of Shelby - (NC),NC,Municipal,8340.0,70.859,1.34,52.879851,0.0,0.0,0.0,0.0,0.0,0.0,0.0,0.0,0.0
17044.0,"Shelby Energy Co-op, Inc",KY,Cooperative,16610.0,120.76,1.09,110.78899,0.315,0.0,0.0,0.0,0.315,0.0,0.0,0.0,0.0
17047.0,City of Shelbyville - (TN),TN,Municipal,10507.0,11.776,0.278,42.359712,0.0,0.0,0.0,0.0,0.0,0.0,0.0,0.0,0.0
17066.0,Shenandoah Valley Elec Coop,VA,Cooperative,94354.0,159.6,1.4,114.0,7.318,0.0,0.0,0.041,7.359,259.0,0.1,15162.0,464.07
17166.0,Sierra Pacific Power Co,NV,Investor Owned,370090.0,189.44,1.72,110.13953,50.804,0.0,0.0,10.215,61.227,90.831,12.8,10457.0,3280.0
17184.0,City of Siloam Springs - (AR),AR,Municipal,8020.0,7.59,0.1,75.9,0.148,0.0,0.0,0.0,0.148,0.0,0.0,0.0,0.0
17252.0,Singing River Elec Cooperative,MS,Cooperative,74043.9,166.39,0.0,0.0,0.0,0.0,0.0,0.0,0.0,1016.0,0.2,0.0,0.0
17267.0,Sioux Valley SW Elec Coop,MN,Cooperative,3847.0,50.35,0.935,53.850267,0.131,0.0,0.0,0.035,0.166,185.0,0.026,0.0,0.0
17267.0,Sioux Valley SW Elec Coop,SD,Cooperative,22179.0,93.965,0.952,98.702731,0.131,0.0,0.0,0.035,0.166,185.0,0.026,0.0,0.0
17470.0,PUD 1 of Snohomish County,WA,Political Subdivision,361319.0,91.3,0.86,106.16279,17.03,0.0,0.0,0.01,17.04,70400.265,16.063,0.0,0.0
17534.0,"South Alabama Elec Coop, Inc",AL,Cooperative,16610.0,123.911,1.272,97.414308,0.0,0.0,0.0,0.0,0.0,0.0,0.0,0.0,0.0
17539.0,"Dominion Energy South Carolina, Inc",SC,Investor Owned,749404.0,77.89,1.03,75.621359,81.094,0.0,0.0,0.0,81.094,71734.0,17.3,38.0,35.0
17543.0,South Carolina Public Service Authority,SC,State,184242.0,18.942,0.27,70.155556,5.601,0.0,0.0,0.0,5.601,17552.008,4.416,20.0,200.0
17550.0,South Central Electric Assn,MN,Cooperative,5875.0,86.818,1.31,66.273282,0.619,0.0,0.0,0.387,1.006,0.0,0.0,0.0,0.0
17560.0,Town of South Hadley - (MA),MA,Municipal,7889.0,15.356,0.21,73.12381,0.486,0.0,0.0,0.0,0.486,0.0,0.0,0.0,0.0
17564.0,South Kentucky Rural E C C,KY,Cooperative,68995.0,222.564,2.414,92.197183,0.261,0.0,0.0,0.001,0.262,0.0,0.0,0.0,0.0
17585.0,"Southeastern IL Elec Coop, Inc",IL,Cooperative,24179.0,147.692,1.435,102.92125,0.549,0.0,0.0,0.0,0.549,0.0,0.0,0.0,0.0
17599.0,Southeastern Indiana R E M C,IN,Cooperative,27570.0,337.1,2.51,134.30279,0.5,0.0,0.0,0.002,0.502,890.0,0.696,1266.0,604.0
17603.0,Southeastern Electric Coop Inc - (OK),OK,Cooperative,15027.0,293.0,1.64,178.65854,0.0,0.0,0.0,0.0,0.0,0.0,0.0,0.0,0.0
17609.0,Southern California Edison Co,CA,Investor Owned,5151098.0,90.75,0.87,104.31034,2719.444,67.203,23.805,10.184,2829.647,479300.01,82.56,282653.0,0.0
17612.0,Bear Valley Electric Service,CA,Investor Owned,24366.0,85.001,0.667,127.43778,3.543,0.0,0.0,0.079,3.622,63.15,0.012,0.0,0.0
17643.0,"Southern Iowa Elec Coop, Inc",IA,Cooperative,4733.0,176.622,1.659,106.46293,0.0,0.0,0.0,0.0,0.0,0.0,0.0,0.0,0.0
17671.0,Southwest Arkansas E C C,AR,Cooperative,28378.0,142.724,1.426,100.08696,0.151,0.0,0.0,0.0,0.151,0.0,0.0,5.0,0.005
17683.0,Southwest Mississippi E P A,MS,Cooperative,25265.0,1239.3,0.0,0.0,0.0,0.0,0.0,0.0,0.0,0.0,0.0,0.0,0.0
17692.0,Southwest Public Power Dist,NE,Political Subdivision,6237.0,101.6,0.77,131.94805,0.0,0.0,0.0,0.0,0.0,0.0,0.0,1144.0,0.0
17697.0,Southwestern Electric Coop Inc - (IL),IL,Cooperative,23401.0,181.87,1.84,98.842391,0.0,0.0,0.0,0.0,0.0,0.0,0.0,0.0,0.0
17698.0,Southwestern Electric Power Co,AR,Investor Owned,121778.0,170.3,1.463,116.40465,8.489,0.127,0.0,0.003,8.492,37451.0,7.1,17.0,78.0
17698.0,Southwestern Electric Power Co,LA,Investor Owned,230945.0,382.9,1.463,261.72249,8.489,0.127,0.0,0.003,8.492,37451.0,7.1,17.0,78.0
17698.0,Southwestern Electric Power Co,TX,Investor Owned,186258.0,304.1,2.328,130.62715,8.489,0.127,0.0,0.003,8.492,37451.0,7.1,17.0,78.0
17718.0,Southwestern Public Service Co,NM,Investor Owned,111414.0,136.61,1.2,113.84167,8.119,0.0,0.0,0.0,8.119,39424.189,9.433,4272.0,3.123
17718.0,Southwestern Public Service Co,TX,Investor Owned,254602.0,117.79,1.07,110.08411,8.119,0.0,0.0,0.0,8.119,39424.189,9.433,4272.0,3.123
17832.0,Snapping Shoals El Member Corp,GA,Cooperative,101471.0,69.12,0.935,73.925134,0.0,0.0,0.0,0.0,0.0,20811.0,5.059,100776.0,0.0
17868.0,St Croix Electric Coop,WI,Cooperative,10879.0,106.698,0.9,118.55333,0.501,0.0,0.0,0.0,0.501,595.0,0.084,4138.0,0.0
17874.0,City of St George,UT,Municipal,31479.0,19.375,0.0,0.0,3.13,0.0,0.0,0.0,3.13,0.0,0.0,0.0,0.0
17896.0,City of Shasta Lake - (CA),CA,Municipal,4547.0,86.9,1.24,70.080645,0.524,0.014,0.0,0.0,1.374,1509.0,0.24,0.0,0.0
18019.0,Stearns Cooperative Elec Assn,MN,Cooperative,27233.0,93.941,0.841,111.70155,0.971,0.0,0.016,0.338,1.325,0.0,0.0,0.0,0.0
18047.0,Steele-Waseca Cooperative Electric,MN,Cooperative,11505.0,55.48,0.77,72.051948,1.221,0.0,0.0,0.884,2.105,0.0,0.0,0.0,0.0
18085.0,South Central Power Company,OH,Cooperative,118848.0,300.564,2.11,142.44739,0.0,0.0,0.0,0.0,0.0,0.0,0.0,0.0,0.0
18102.0,"Steuben Rural Elec Coop, Inc",NY,Cooperative,6306.0,533.0,2.72,195.95588,0.08,0.0,0.0,0.0,0.08,253.4,0.1,0.0,0.0
18181.0,City of Stoughton - (WI),WI,Municipal,8722.0,26.06,0.334,78.023952,0.373,0.0,0.0,0.0,0.373,0.0,0.0,0.0,0.0
18203.0,Tallapoosa River Elec Coop Inc,AL,Cooperative,27516.0,210.637,1.82,115.73462,0.0,0.0,0.0,0.0,0.0,0.0,0.0,1.0,0.0
18280.0,Sulphur Springs Valley E C Inc,AZ,Cooperative,52220.0,61.4,0.57,107.7193,12.3,0.0,0.0,0.1,12.4,1858.23,18.12,797.0,55.0
18336.0,Superior Water and Light Co,WI,Investor Owned,13784.0,29.66,0.22,134.81818,0.0,0.0,0.0,0.0,0.0,0.0,0.0,0.0,0.0
18339.0,Surry-Yadkin Elec Member Corp,NC,Cooperative,27150.0,164.0,0.929,176.53391,0.0,0.0,0.0,0.0,0.0,12290.0,0.01,0.0,0.0
18360.0,Suwannee Valley Elec Coop Inc,FL,Cooperative,26103.0,160.0,2.719,58.845164,0.471,0.0,0.0,0.0,0.471,131.0,0.005,0.0,0.0
18383.0,Taylor Electric Coop - (WI),WI,Cooperative,4414.0,29.88,0.0,0.0,0.27,0.0,0.0,0.0,0.27,343.0,0.059,2008.0,0.0
18429.0,City of Tacoma - (WA),WA,Municipal,175106.0,51.25,0.5,102.5,4.83,0.0,0.0,0.0,4.83,33307.024,0.0,0.0,0.0
18446.0,T I P Rural Electric Coop,IA,Cooperative,6357.0,155.614,1.331,116.9151,0.181,0.0,0.0,0.017,0.198,0.0,0.0,0.0,0.0
18449.0,"Talquin Electric Coop, Inc",FL,Cooperative,52060.0,280.797,3.687,76.158666,1.765,0.0,0.0,0.0,1.765,657.0,0.001,0.0,0.0
18454.0,Tampa Electric Co,FL,Investor Owned,794953.0,85.71,1.36,63.022059,54.259,0.0,19.526,0.0,73.835,86124.356,22.276,240.0,33816.21
18488.0,City of Taunton,MA,Municipal,38000.0,68.489,2.474,27.683508,1.575,0.0,0.0,0.0,1.575,295.0,1.37,11.0,31.0
18498.0,Taylor County Rural E C C,KY,Cooperative,26705.0,86.1,1.03,83.592233,0.083,0.0,0.0,0.001,0.084,8.0,0.333,0.0,0.0
18538.0,City of Tell City - (IN),IN,Municipal,4286.0,3.032,0.043,70.511628,0.04,0.0,0.0,0.0,0.04,0.0,0.0,0.0,0.0
18848.0,City of Thomasville - (GA),GA,Municipal,15744.0,142.8,6.28,22.738854,0.035,0.0,0.0,0.0,0.035,0.0,0.0,0.0,0.0
18940.0,Tipmont Rural Elec Member Corp,IN,Cooperative,27181.0,213.84,2.16,99.0,0.23,0.0,0.0,0.0,0.23,0.0,0.0,0.0,0.0
18941.0,City of Tipp City - (OH),OH,Municipal,5004.0,28.529,0.0,0.0,0.0,0.0,0.0,0.0,0.0,0.0,0.0,0.0,0.0
18955.0,"Tri-County Electric Coop, Inc (IL)",IL,Cooperative,16417.0,92.2,1.14,80.877193,0.437,0.007,0.0,0.0,0.437,0.0,0.0,0.0,0.0
18961.0,Twin County Electric Pwr Assn,MS,Cooperative,12158.0,283.0,0.0,0.0,0.0,0.0,0.0,0.0,0.0,0.0,0.0,0.0,0.0
18962.0,Twin Valley Electric Coop Inc,KS,Cooperative,2938.0,93.1,1.12,83.125,0.025,0.0,0.0,0.0,0.025,0.0,0.0,0.0,0.0
18976.0,Trinity Valley Elec Coop Inc,TX,Cooperative,70793.7,150.75,1.601,94.1599,3.898,0.0,0.0,0.062,3.96,0.0,0.0,0.0,0.0
18997.0,The Toledo Edison Co,OH,Investor Owned,302870.0,66.877,0.631,105.98574,28.146,0.0,0.0,3.618,35.344,88711.993,13.346,4.0,0.0
19027.0,"Tombigbee Electric Coop, Inc",AL,Cooperative,8831.0,532.459,3.1,171.76097,0.0,0.0,0.0,0.0,0.0,0.0,0.0,0.0,0.0
19108.0,Tideland Electric Member Corp,NC,Cooperative,22931.0,263.67,2.904,90.795455,0.0,0.0,0.0,0.0,0.0,0.0,0.0,0.0,0.0
19125.0,City of Traverse City - (MI),MI,Municipal,12599.0,64.284,0.615,104.52683,0.216,0.0,0.0,0.005,0.221,4780.986,1.58,0.0,0.0
19156.0,Powder River Energy Corp,WY,Cooperative,27461.0,199.0,1.63,122.08589,0.297,0.0,0.0,0.038,0.335,0.0,0.0,0.0,0.0
19157.0,MiEnergy Cooperative,IA,Cooperative,7079.0,75.61,0.934,80.952891,4.942,0.042,0.025,0.08,5.047,1969.95,0.246,3371.0,0.0
19157.0,MiEnergy Cooperative,MN,Cooperative,16032.0,100.789,0.836,120.561,4.942,0.042,0.025,0.08,5.047,1969.95,0.246,3371.0,0.0
19159.0,"Tri-County Electric Coop, Inc (TX)",TX,Cooperative,128436.0,154.392,1.126,137.11545,2.639,0.0,0.0,0.034,2.673,0.0,0.0,0.0,0.0
19161.0,"Tri-County Electric Coop, Inc (FL)",FL,Cooperative,18284.0,120.933,1.501,80.568288,1.026,0.0,0.0,0.0,1.026,239.0,0.02,0.0,0.0
19162.0,Tri-County Elec Member Corp (TN),KY,Cooperative,24440.0,278.18,3.14,88.592357,0.0,0.0,0.0,0.0,0.0,0.0,0.0,0.0,0.0
19162.0,Tri-County Elec Member Corp (TN),TN,Cooperative,27012.0,236.65,3.34,70.853293,0.0,0.0,0.0,0.0,0.0,0.0,0.0,0.0,0.0
19189.0,Trico Electric Cooperative Inc,AZ,Cooperative,48875.0,43.043,0.472,91.192797,25.5,0.0,0.227,0.002,25.729,259.404,0.252,21.0,0.0
19219.0,Diverse Power Incorporated,AL,Cooperative,669.0,92.962,2.159,43.057897,0.199,0.0,0.0,0.0,0.199,0.0,0.0,0.0,0.0
19219.0,Diverse Power Incorporated,GA,Cooperative,34645.0,120.862,1.529,79.046436,0.199,0.0,0.0,0.0,0.199,0.0,0.0,0.0,0.0
19225.0,City of Troy - (AL),AL,Municipal,9150.0,93.999,1.5,62.666,0.0,0.0,0.0,0.0,0.0,0.0,0.0,0.0,0.0
19266.0,Tullahoma Board-Public Utils,TN,Municipal,11165.0,25.127,0.745,33.727517,0.0,0.0,0.0,0.0,0.0,0.0,0.0,0.0,0.0
19281.0,Turlock Irrigation District,CA,Political Subdivision,87386.0,59.0,0.59,100.0,37.569,0.0,3.252,0.0,40.821,11513.0,2.0,0.0,0.0
19325.0,Umatilla Electric Coop Assn,OR,Cooperative,15447.0,104.135,1.035,100.61353,0.273,0.0,0.0,0.0,0.273,19865.744,3.951,0.0,0.0
19390.0,"UGI Utilities, Inc",PA,Investor Owned,62139.0,182.0,0.96,189.58333,1.007,0.0,0.2,0.019,1.226,10950.0,1.732,0.0,0.0
19396.0,Tri-County Electric Coop (MI),MI,Cooperative,26104.0,156.0,1.23,126.82927,1.764,0.0,0.0,0.013,1.777,3639.9,0.932,6004.0,0.0
19435.0,Union Electric Membership Corp - (NC),NC,Cooperative,76733.0,37.5,0.41,91.463415,1.87,0.0,0.0,0.0,1.87,3657.16,0.0,0.0,0.0
19436.0,Union Electric Co - (MO),MO,Investor Owned,1237819.0,106.0,0.9,117.77778,70.563,0.0,0.0,0.066,70.629,390707.206,109.41,12491.0,2197.986
19437.0,Western Iowa Power Coop,IA,Cooperative,5412.0,27.0,0.27,100.0,0.133,0.0,0.0,0.07,0.203,0.0,0.0,0.0,0.0
19445.0,"Southern Indiana R E C, Inc",IN,Cooperative,9476.0,133.9,1.22,109.7541,0.224,0.0,0.0,0.0,0.224,0.0,0.0,0.0,0.0
19446.0,Duke Energy Kentucky,KY,Investor Owned,144188.0,170.0,1.31,129.77099,1.385,0.0,0.0,0.0,1.385,39667.618,5.853,12449.0,0.0
19490.0,United Electric Coop Service Inc - (TX),TX,Cooperative,86609.0,98.367,1.192,82.522651,3.005,0.0,0.0,0.148,3.153,6634.316,1.482,36457.0,417.457
19501.0,"Union Rural Electric Coop, Inc",OH,Cooperative,10382.0,84.2,1.313,64.127951,0.0,0.0,0.0,0.0,0.0,0.0,0.0,0.0,0.0
19545.0,"Black Hills Power, Inc. d/b/a",MT,Investor Owned,41.0,436.807,3.0,145.60233,0.0,0.0,0.0,0.0,0.0,4830.032,0.784,0.0,0.0
19545.0,"Black Hills Power, Inc. d/b/a",SD,Investor Owned,70358.0,72.144,1.33,54.243609,0.0,0.0,0.0,0.0,0.0,4830.032,0.784,0.0,0.0
19545.0,"Black Hills Power, Inc. d/b/a",WY,Investor Owned,2646.0,15.278,0.094,162.53191,0.0,0.0,0.0,0.0,0.0,4830.032,0.784,0.0,0.0
19547.0,Hawaiian Electric Co Inc,HI,Investor Owned,305627.0,89.4,0.836,106.9378,313.886,0.0,0.0,0.025,313.911,0.0,0.0,33485.0,872.85
19558.0,Homer Electric Assn Inc,AK,Cooperative,31920.0,201.0,1.08,186.11111,1.085,0.0,0.0,0.114,1.199,0.0,0.0,0.0,0.0
19574.0,Upper Cumberland E M C,TN,Cooperative,51656.0,124.22,0.0,0.0,0.0,0.0,0.0,0.0,0.0,0.0,0.0,0.0,0.0
19578.0,Upper Peninsula Power Company,MI,Investor Owned,58879.0,211.5,1.78,118.82022,1.368,0.0,0.0,0.079,1.447,9764.517,0.003,0.0,0.0
19579.0,Upshur Rural Elec Coop Corp,TX,Cooperative,46806.0,1225.3,7.46,164.24933,0.514,0.0,0.0,0.0,0.514,0.0,0.0,0.0,0.0
19667.0,Utilities Dist-Western IN REMC,IN,Cooperative,19169.0,420.46,3.46,121.52023,0.517,0.041,0.0,0.004,0.521,0.0,0.0,0.0,0.0
19728.0,"UNS Electric, Inc",AZ,Investor Owned,99308.0,7.38,0.02,369.0,37.392,0.175,0.0,0.31,37.702,20396.26,3.13,30.0,0.0
19790.0,Verendrye Electric Coop Inc,ND,Cooperative,20605.0,81.48,0.93,87.612903,0.011,0.0,0.0,0.034,0.045,2251.0,6.168,3738.0,0.0
19791.0,"Vermont Electric Cooperative, Inc",VT,Cooperative,39179.0,170.42,1.49,114.37584,18.169,0.0,0.0,0.279,18.739,0.0,0.0,0.0,0.0
19805.0,Village of Versailles - (OH),OH,Municipal,1895.0,26.28,1.22,21.540984,0.0,0.0,0.0,0.0,0.0,0.0,0.0,0.0,0.0
19806.0,"Victoria Electric Coop, Inc",TX,Cooperative,23155.0,156.31,1.32,118.41667,0.283,0.0,0.0,0.031,0.314,1.309,0.001,0.0,0.0
19813.0,Vernon Electric Coop,WI,Cooperative,11237.0,125.0,0.0,0.0,0.704,0.0,0.0,0.03,0.734,315.0,0.047,3778.0,0.0
19820.0,Victory Electric Coop Assn Inc,KS,Cooperative,19747.0,531.9,0.0,0.0,0.21,0.0,0.0,0.05,0.26,0.0,0.0,98.0,10.0
19840.0,"Valley Electric Assn, Inc",NV,Cooperative,24582.0,58.089,0.858,67.702797,7.918,0.0,0.0,0.022,8.015,0.0,0.0,0.0,0.0
19981.0,Wake Electric Membership Corp,NC,Cooperative,46705.0,87.2,1.091,79.926673,0.677,0.012,0.0,0.0,0.677,1882.0,1.0,8.0,0.689
20065.0,Walton Electric Member Corp,GA,Cooperative,128811.0,93.422,1.189,78.571909,0.73,0.0,6.5,0.0,7.23,0.0,0.0,0.0,0.0
20130.0,Warren Rural Elec Coop Corp,KY,Cooperative,66357.0,136.086,1.794,75.856187,0.0,0.0,0.0,0.0,0.0,0.0,0.0,0.0,0.0
20136.0,City of Waseca - (MN),MN,Municipal,4184.0,18.2,0.32,56.875,0.151,0.0,0.0,0.0,0.151,774.4,0.112,1599.0,23.9
20146.0,Washington Elec Member Corp,GA,Cooperative,15603.0,909.71,0.0,0.0,0.015,0.0,0.0,0.0,0.065,0.0,0.0,0.0,0.0
20169.0,Avista Corp,ID,Investor Owned,133938.0,167.0,1.18,141.52542,7.539,0.0,0.423,0.107,8.157,24868.18,436.743,0.0,0.0
20169.0,Avista Corp,WA,Investor Owned,256742.0,121.0,0.82,147.56098,7.539,0.0,0.423,0.107,8.157,24868.18,436.743,0.0,0.0
20187.0,Watertown Municipal Utilities,SD,Municipal,13207.0,16.326,0.174,93.827586,0.0,0.0,0.0,0.0,0.0,2029.2,0.397,0.0,0.0
20211.0,Village of Waunakee - (WI),WI,Municipal,6524.0,80.63,0.54,149.31481,0.134,0.0,0.0,0.0,0.134,0.0,0.0,0.0,0.0
20213.0,Waupun Utilities,WI,Municipal,4454.0,2.41,0.017,141.76471,0.026,0.0,0.0,0.0,0.026,0.0,0.0,0.0,0.0
20228.0,Weakley County Mun Elec Sys,TN,Municipal,20453.0,205.72,12.386,16.609075,0.0,0.0,0.0,0.0,0.0,0.0,0.0,0.0,0.0
20363.0,West Central Electric Coop Inc - (MO),MO,Cooperative,14113.0,79.48,0.0,0.0,0.73,0.0,0.0,0.0,0.73,0.0,0.0,0.0,0.0
20368.0,West Central Electric Coop Inc - (SD),SD,Cooperative,6842.0,99.8,0.957,104.28422,0.0,0.0,0.0,0.0,0.0,0.0,0.0,0.0,0.0
20387.0,West Penn Power Company,PA,Investor Owned,717331.0,197.848,1.282,154.32761,18.805,0.225,2.106,0.103,21.028,148964.981,19.496,55733.0,0.0
20401.0,West River Electric Assn Inc,SD,Cooperative,17677.0,61.56,1.12,54.964286,0.25,0.0,0.0,0.045,0.295,345.0,4.831,3394.0,0.0
20404.0,AEP Texas North Company,TX,Investor Owned,193284.0,111.2,1.134,98.059965,0.0,0.0,0.0,0.0,0.0,12223.0,6.7,23.0,21.0
20422.0,Whetstone Valley Elec Coop Inc,SD,Cooperative,3426.0,55.903,1.623,34.444239,0.0,0.0,0.0,0.0,0.0,0.0,0.0,0.0,0.0
20477.0,City of Westerville - (OH),OH,Municipal,17347.0,18.35,0.44,41.704545,0.379,0.0,0.074,0.0,0.453,367.0,0.062,555.0,6.16
20481.0,City of Westfield - (MA),MA,Municipal,18103.0,80.332,1.713,46.895505,0.0,0.0,0.0,0.0,0.0,3297.428,0.435,0.0,0.0
20510.0,"Wheatland Electric Coop, Inc",KS,Cooperative,32750.0,116.7,0.94,124.14894,0.11,0.01,0.0,0.02,0.13,0.0,0.0,0.0,0.0
20521.0,Wheeling Power Co,WV,Investor Owned,41482.0,524.6,2.441,214.91192,0.326,0.006,0.015,0.015,0.356,7831.6,1.17,212.0,4.0
20603.0,Northeastern Rural E M C,IN,Cooperative,29165.0,61.56,1.079,57.052827,0.09,0.0,0.0,0.02,0.11,0.0,0.0,1200.0,0.0
20737.0,Willmar Municipal Utilities,MN,Municipal,9358.0,4.83,0.09,53.666667,0.021,0.0,0.0,0.0,0.021,722.0,0.184,2324.0,3.19
20785.0,City of Wilson,NC,Municipal,37100.0,29.39,0.514,57.178988,0.0,0.0,0.0,0.0,0.0,0.0,0.0,0.0,0.0
20841.0,"Wiregrass Electric Coop, Inc",AL,Cooperative,24887.0,78.98,1.08,73.12963,0.0,0.0,0.0,0.0,0.0,283.08,0.278,3663.0,0.0
20847.0,Wisconsin Electric Power Co,WI,Investor Owned,1136654.0,85.0,0.65,130.76923,23.24,0.0,0.0,1.394,24.659,0.0,0.0,88.0,0.0
20860.0,Wisconsin Public Service Corp,WI,Investor Owned,452552.0,115.0,0.98,117.34694,10.111,0.0,0.0,0.952,11.104,0.0,0.0,22894.0,0.0
20885.0,Withlacoochee River Elec Coop,FL,Cooperative,220811.0,139.178,1.976,70.434211,11.289,0.091,0.0,0.005,22.569,2.339,0.001,0.0,0.0
20927.0,"Wood County Electric Coop, Inc",TX,Cooperative,37283.0,173.59,1.702,101.99177,0.0,0.0,0.0,0.0,0.0,0.0,0.0,0.0,0.0
20963.0,Woodruff Electric Coop Corp,AR,Cooperative,19027.0,31.8,0.55,57.818182,0.848,0.0,0.0,0.003,0.851,0.0,4.1,3200.0,4000.0
20996.0,Wright-Hennepin Coop Elec Assn,MN,Cooperative,50647.0,38.56,0.33,116.84848,0.348,0.0,0.08,0.1,0.528,0.0,0.0,0.0,0.0
21002.0,York Electric Coop Inc,SC,Cooperative,62335.0,72.27,0.722,100.09695,1.964,0.0,0.0,0.0,1.964,398.0,0.062,5637.0,0.0
21075.0,Y-W Electric Assn Inc,CO,Cooperative,8937.0,62.7,0.0,0.0,0.057,0.0,0.0,0.19,0.247,112.7,0.0,0.0,0.0
21079.0,Wyrulec Company,NE,Cooperative,499.0,353.521,2.228,158.6719,0.045,0.0,0.0,0.0,0.045,0.0,0.0,0.0,0.0
21079.0,Wyrulec Company,WY,Cooperative,4822.0,164.019,1.128,145.40691,0.045,0.0,0.0,0.0,0.045,0.0,0.0,0.0,0.0
21081.0,Yampa Valley Electric Assn Inc,CO,Cooperative,27438.0,203.5,2.421,84.056175,0.604,0.0,0.0,0.02,0.624,0.0,0.0,0.0,0.0
21158.0,City of Zeeland - (MI),MI,Municipal,6749.0,27.067,0.888,30.480856,0.0,0.0,0.0,0.0,0.0,2914.0,0.421,0.0,0.0
21244.0,"Southside Electric Coop, Inc",VA,Cooperative,56819.0,263.6,2.3,114.6087,2.961,0.0,0.0,0.003,2.964,0.0,0.0,1338.0,7.198
21538.0,"Mohave Electric Cooperative, I",AZ,Cooperative,41469.0,69.3,0.0,0.0,9.384,0.0,0.0,0.055,9.439,1016.989,0.319,0.0,0.0
21567.0,"Washington-St Tammany E C, Inc",LA,Cooperative,53145.0,374.357,3.365,111.25022,3.926,0.0,0.0,0.0,3.926,0.0,0.0,0.0,0.0
21632.0,EnergyUnited Elec Member Corp,NC,Cooperative,129356.0,98.58,0.949,103.87777,1.093,0.0,0.0,0.0,1.093,194.021,16.74,11283.0,744.0
22053.0,Kentucky Power Co,KY,Investor Owned,164022.0,485.0,2.485,195.17103,0.297,0.012,0.0,0.0,0.297,243.0,0.0,4.0,0.0
22500.0,"Evergy Kansas Central, Inc",KS,Investor Owned,374641.0,99.847,1.019,97.98528,8.145,0.0,0.0,0.539,8.684,0.0,0.0,27912.0,0.0
22815.0,Delta Electric Power Assn,MS,Cooperative,28147.0,364.46,4.504,80.919183,0.0,0.0,0.0,0.0,0.0,0.0,0.0,0.0,0.0
22822.0,Clark County Rural E M C - (IN),IN,Cooperative,24734.0,99.451,0.807,123.23544,0.179,0.0,0.0,0.01,0.189,0.0,0.0,0.0,0.0
24590.0,Unitil Energy Systems,NH,Investor Owned,77959.0,82.53,0.845,97.668639,9.144,0.077,0.527,0.014,9.69,13709.0,6.216,0.0,0.0
24753.0,Boone County Rural EMC,IN,Cooperative,14864.0,141.0,1.4,100.71429,0.35,0.0,0.0,0.0,0.35,0.0,0.0,0.0,0.0
24889.0,Brunswick Electric Member Corp,NC,Cooperative,94089.0,35.256,0.54,65.288889,1.624,0.0,0.01,0.0,1.634,0.0,0.0,0.0,0.0
24949.0,Cass County Elec Coop Inc,ND,Cooperative,50418.0,30.56,0.498,61.365462,0.251,0.0,0.0,0.19,0.441,10.0,0.19,9743.0,6223.56
25177.0,Dakota Electric Association,MN,Cooperative,108126.0,18.27,0.32,57.09375,2.655,0.0,0.0,0.205,2.86,0.0,0.0,0.0,0.0
25295.0,Western Indiana Energy REMC,IN,Cooperative,16981.0,325.928,2.232,146.02509,0.203,0.0,0.0,0.015,0.218,0.0,0.0,4.0,0.0
26510.0,Liberty Utilities (Granite State Electri,NH,Investor Owned,44784.0,115.689,0.924,125.20455,7.273,0.0,0.369,0.006,7.648,9224.361,0.576,0.0,0.0
26765.0,Pella Cooperative Elec Assn,IA,Cooperative,3036.0,87.34,0.94,92.914894,0.0,0.0,0.0,0.0,0.0,0.0,0.0,0.0,0.0
26916.0,"Ravalli County Elec Coop, Inc",MT,Cooperative,10751.0,143.2,1.597,89.668128,0.385,0.0,0.05,0.0,0.435,1204.0,0.0,0.0,0.0
26939.0,Red River Valley Coop Pwr Assn,MN,Cooperative,4681.0,81.0,0.62,130.64516,0.103,0.0,0.0,0.12,0.223,1463.0,0.174,2007.0,0.0
27222.0,City of Ripley - (TN),TN,Municipal,6462.0,70.747,1.6,44.216875,0.0,0.0,0.0,0.0,0.0,0.0,0.0,0.0,0.0
27238.0,"Southwest Electric Coop, Inc",MO,Cooperative,41560.0,139.5,1.024,136.23047,1.304,0.0,0.0,0.0,1.304,0.0,0.0,0.0,0.0
27422.0,Todd-Wadena Electric Coop,MN,Cooperative,8832.0,66.13,0.783,84.457216,0.474,0.0,0.0,0.099,0.573,0.0,0.0,0.0,0.0
27599.0,Carroll-White REMC,IN,Cooperative,14715.0,352.5,0.0,0.0,0.294,0.0,0.0,0.001,0.295,379.0,8.0,0.0,0.0
28541.0,Clatskanie Peoples Util Dist,OR,Political Subdivision,4611.0,95.272,0.674,141.35312,0.049,0.0,0.0,0.0,0.052,1864.341,0.414,0.0,0.0
28604.0,Kerrville Public Utility Board,TX,Municipal,23025.0,23.249,0.355,65.490141,5.81,0.0,0.0,0.0,5.81,597.105,0.069,0.0,0.0
30517.0,"Pioneer Electric Coop, Inc - (AL)",AL,Cooperative,12397.0,226.653,2.213,102.41889,0.006,0.0,0.0,0.0,0.006,0.0,0.0,0.0,0.0
31833.0,Okefenoke Rural El Member Corp,FL,Cooperative,10800.0,144.243,0.683,211.19034,0.176,0.0,1.968,0.0,2.144,0.0,0.0,0.0,0.0
31833.0,Okefenoke Rural El Member Corp,GA,Cooperative,26443.0,61.351,0.348,176.29598,0.176,0.0,1.968,0.0,2.144,0.0,0.0,0.0,0.0
36189.0,"Mid-Ohio Energy Coop, Inc",OH,Cooperative,8140.0,71.01,0.0,0.0,0.0,0.0,0.0,0.0,0.0,0.0,0.0,0.0,0.0
38084.0,Great Lakes Energy Coop,MI,Cooperative,125362.0,176.097,1.576,111.73668,0.977,0.0,0.237,0.161,1.775,15403.903,5.374,0.0,0.0
40228.0,Rappahannock Electric Coop,VA,Cooperative,164320.0,183.43,1.74,105.41954,8.586,0.0,0.0,0.032,9.457,0.0,0.0,38693.0,33.08
40304.0,Minnesota Valley Coop L&P Assn,MN,Cooperative,5318.0,41.0,0.0,0.0,0.214,0.0,0.0,0.185,0.399,0.0,0.0,0.0,0.0
40438.0,Columbia River Peoples Ut Dist,OR,Political Subdivision,19590.0,60.368,0.676,89.301775,0.306,0.0,0.0,0.0,0.306,2976.595,0.392,0.0,0.0
40606.0,City of Grand Island - (NE),NE,Municipal,26269.0,11.138,1.2,9.2816667,0.06,0.0,0.0,0.0,0.06,0.0,0.0,0.0,0.0
49986.0,Southwest Iowa Rural Elec Coop,IA,Cooperative,5918.0,121.76,1.687,72.175459,0.0,0.0,0.0,0.0,0.0,0.0,0.0,0.0,0.0
54913.0,NSTAR Electric Company,MA,Investor Owned,1434715.0,70.3,0.735,95.646259,529.918,0.0,343.869,40.337,939.115,696831.73,105.5,8079.0,4.5
55937.0,Entergy Texas Inc.,TX,Investor Owned,465983.0,297.0,2.019,147.10253,6.71,0.0,0.0,0.013,6.723,44488.239,13.252,8.0,73.753
55982.0,Heart of Texas Electric Coop,TX,Cooperative,21769.0,167.15,1.33,125.67669,1.09,0.0,0.0,0.044,1.134,0.0,0.0,0.0,0.0
56146.0,"Black Hills Colorado Electric, LLC",CO,Investor Owned,97890.0,73.669,1.307,56.364958,14.723,0.0,0.0,1.8,16.523,15726.0,3.09,0.0,0.0
56697.0,Ameren Illinois Company,IL,Investor Owned,1244558.0,132.29,0.995,132.95477,45.572,0.0,0.0,0.49,46.062,333324.0,53.38,0.0,0.0
57483.0,Liberty Utilities,CA,Investor Owned,47194.0,416.51,2.96,140.71284,1.38,0.0,0.0,0.001,1.381,1779.139,0.866,0.0,0.0
59013.0,PUD No 1 of Jefferson County,WA,Political Subdivision,19689.0,291.0,2.04,142.64706,3.17,0.0,0.0,0.006,3.176,651.0,0.074,0.0,0.0
60631.0,Upper Michigan Energy Resources Corp.,MI,Investor Owned,37255.0,238.0,1.5,158.66667,0.225,0.0,0.0,0.082,0.312,0.0,0.0,80.0,0.0
60839.0,Southern Pioneer Electric Company,KS,Cooperative,16812.0,106.41,0.0,0.0,0.083,0.0,0.0,0.275,0.358,0.0,0.0,0.0,0.0
